variant,seed,run_dir,split,early_window_steps,n_mppt_to_pitch_transitions,scenario,degradation_level,degradation_label,n_target_cells,n_support_cells,gate_positive_cells,threshold_positive_cells,gate_recall,threshold_recall,recall_gain,gate_precision,threshold_precision,precision_gain,gate_f1,threshold_f1,f1_gain,wspd_noise_sd,pab_noise_sd,target_rate,gate_average_precision,gate_roc_auc,gate_target_score_mean,gate_background_score_mean
canonical,201,artifacts\strictmask_validation_wtb_full\wtb_bal_align_force_seed201,test,6,211,label_delay,1.0,delay_steps=1,740,2154,1004.0,678.0,0.9432432432432433,0.6554054054054054,0.2878378378378379,0.6952191235059761,0.7153392330383481,-0.020120109532371977,0.8004587155963303,0.6840620592383638,0.11639665635796648,,,,,,,
canonical,201,artifacts\strictmask_validation_wtb_full\wtb_bal_align_force_seed201,test,6,211,label_delay,3.0,delay_steps=3,740,2154,1004.0,607.0,0.9432432432432433,0.3810810810810811,0.5621621621621622,0.6952191235059761,0.4645799011532125,0.23063922235276363,0.8004587155963303,0.41870824053452116,0.38175047506180915,,,,,,,
canonical,201,artifacts\strictmask_validation_wtb_full\wtb_bal_align_force_seed201,test,6,211,label_delay,6.0,delay_steps=6,740,2154,1004.0,424.0,0.9432432432432433,0.19594594594594594,0.7472972972972973,0.6952191235059761,0.3419811320754717,0.35323799143050444,0.8004587155963303,0.2491408934707904,0.5513178221255399,,,,,,,
canonical,201,artifacts\strictmask_validation_wtb_full\wtb_bal_align_force_seed201,test,6,211,label_availability,1.0,available_rate=1.00,740,2154,1004.0,842.0,0.9432432432432433,1.0,-0.05675675675675673,0.6952191235059761,0.8788598574821853,-0.18364073397620917,0.8004587155963303,0.9355246523388117,-0.13506593674248135,,,,,,,
canonical,201,artifacts\strictmask_validation_wtb_full\wtb_bal_align_force_seed201,test,6,211,label_availability,0.75,available_rate=0.75,740,2154,1004.0,617.0,0.9432432432432433,0.7391891891891892,0.20405405405405408,0.6952191235059761,0.8865478119935171,-0.19132868848754092,0.8004587155963303,0.8061901252763448,-0.00573140968001451,,,,,,,
canonical,201,artifacts\strictmask_validation_wtb_full\wtb_bal_align_force_seed201,test,6,211,label_availability,0.5,available_rate=0.50,740,2154,1004.0,423.0,0.9432432432432433,0.5013513513513513,0.44189189189189193,0.6952191235059761,0.8770685579196218,-0.18184943441364565,0.8004587155963303,0.6380051590713671,0.16245355652496318,,,,,,,
canonical,201,artifacts\strictmask_validation_wtb_full\wtb_bal_align_force_seed201,test,6,211,label_availability,0.25,available_rate=0.25,740,2154,1004.0,225.0,0.9432432432432433,0.2581081081081081,0.6851351351351351,0.6952191235059761,0.8488888888888889,-0.15366976538291277,0.8004587155963303,0.3958549222797927,0.4046037933165376,,,,,,,
canonical,201,artifacts\strictmask_validation_wtb_full\wtb_bal_align_force_seed201,test,6,211,threshold_sensor_noise,0.25,wspd_sd=0.25;pab_sd=0.50,740,2154,1004.0,752.0,0.9432432432432433,0.8891891891891892,0.05405405405405406,0.6952191235059761,0.875,-0.17978087649402386,0.8004587155963303,0.8820375335120644,-0.08157881791573407,0.25,0.5,,,,,
canonical,201,artifacts\strictmask_validation_wtb_full\wtb_bal_align_force_seed201,test,6,211,threshold_sensor_noise,0.5,wspd_sd=0.50;pab_sd=1.00,740,2154,1004.0,686.0,0.9432432432432433,0.7972972972972973,0.145945945945946,0.6952191235059761,0.8600583090379009,-0.16483918553192478,0.8004587155963303,0.8274894810659187,-0.02703076546958838,0.5,1.0,,,,,
canonical,201,artifacts\strictmask_validation_wtb_full\wtb_bal_align_force_seed201,test,6,211,threshold_sensor_noise,1.0,wspd_sd=1.00;pab_sd=2.00,740,2154,1004.0,612.0,0.9432432432432433,0.6648648648648648,0.2783783783783784,0.6952191235059761,0.803921568627451,-0.10870244512147487,0.8004587155963303,0.7278106508875739,0.0726480647087564,1.0,2.0,,,,,
canonical,201,artifacts\strictmask_validation_wtb_full\wtb_bal_align_force_seed201,test,6,211,pretrigger_ranking,1.0,lead_steps=1,211,279624,,,,,,,,,,,,,,0.0007545847280633994,0.06293122108798073,0.9748539689918317,0.31405561757446787,0.0029777845155792514
canonical,201,artifacts\strictmask_validation_wtb_full\wtb_bal_align_force_seed201,test,6,211,pretrigger_ranking,3.0,lead_steps=3,499,279624,,,,,,,,,,,,,,0.0017845392384058592,0.08531465917301922,0.9363171304543704,0.22430030001860027,0.002817273946978868
canonical,201,artifacts\strictmask_validation_wtb_full\wtb_bal_align_force_seed201,test,6,211,pretrigger_ranking,6.0,lead_steps=6,878,279624,,,,,,,,,,,,,,0.003139930764169027,0.08270116144858455,0.9057149488580871,0.15342534617498066,0.0027393755828536556
canonical,201,artifacts\strictmask_validation_wtb_full\wtb_bal_align_force_seed201,test,6,211,pretrigger_ranking,12.0,lead_steps=12,1666,279624,,,,,,,,,,,,,,0.0059580007438560355,0.08783615164483144,0.8672436807992971,0.1012073293713433,0.002625166497913714
canonical,202,artifacts\strictmask_validation_wtb_full\wtb_bal_align_force_seed202,test,6,211,label_delay,1.0,delay_steps=1,740,2154,910.0,678.0,0.9783783783783784,0.6554054054054054,0.322972972972973,0.7956043956043956,0.7153392330383481,0.08026516256604743,0.8775757575757575,0.6840620592383638,0.19351369833739362,,,,,,,
canonical,202,artifacts\strictmask_validation_wtb_full\wtb_bal_align_force_seed202,test,6,211,label_delay,3.0,delay_steps=3,740,2154,910.0,607.0,0.9783783783783784,0.3810810810810811,0.5972972972972973,0.7956043956043956,0.4645799011532125,0.33102449445118304,0.8775757575757575,0.41870824053452116,0.4588675170412363,,,,,,,
canonical,202,artifacts\strictmask_validation_wtb_full\wtb_bal_align_force_seed202,test,6,211,label_delay,6.0,delay_steps=6,740,2154,910.0,424.0,0.9783783783783784,0.19594594594594594,0.7824324324324324,0.7956043956043956,0.3419811320754717,0.45362326352892385,0.8775757575757575,0.2491408934707904,0.6284348641049671,,,,,,,
canonical,202,artifacts\strictmask_validation_wtb_full\wtb_bal_align_force_seed202,test,6,211,label_availability,1.0,available_rate=1.00,740,2154,910.0,842.0,0.9783783783783784,1.0,-0.021621621621621623,0.7956043956043956,0.8788598574821853,-0.08325546187778976,0.8775757575757575,0.9355246523388117,-0.057948894763054204,,,,,,,
canonical,202,artifacts\strictmask_validation_wtb_full\wtb_bal_align_force_seed202,test,6,211,label_availability,0.75,available_rate=0.75,740,2154,910.0,630.0,0.9783783783783784,0.7472972972972973,0.23108108108108105,0.7956043956043956,0.8777777777777778,-0.08217338217338221,0.8775757575757575,0.8072992700729927,0.07027648750276472,,,,,,,
canonical,202,artifacts\strictmask_validation_wtb_full\wtb_bal_align_force_seed202,test,6,211,label_availability,0.5,available_rate=0.50,740,2154,910.0,434.0,0.9783783783783784,0.518918918918919,0.45945945945945943,0.7956043956043956,0.8847926267281107,-0.0891882311237151,0.8775757575757575,0.6541737649063032,0.22340199266945426,,,,,,,
canonical,202,artifacts\strictmask_validation_wtb_full\wtb_bal_align_force_seed202,test,6,211,label_availability,0.25,available_rate=0.25,740,2154,910.0,209.0,0.9783783783783784,0.2472972972972973,0.731081081081081,0.7956043956043956,0.8755980861244019,-0.07999369052000638,0.8775757575757575,0.3856691253951528,0.49190663218060465,,,,,,,
canonical,202,artifacts\strictmask_validation_wtb_full\wtb_bal_align_force_seed202,test,6,211,threshold_sensor_noise,0.25,wspd_sd=0.25;pab_sd=0.50,740,2154,910.0,766.0,0.9783783783783784,0.9067567567567567,0.07162162162162167,0.7956043956043956,0.8759791122715405,-0.08037471666714491,0.8775757575757575,0.8911022576361223,-0.013526500060364821,0.25,0.5,,,,,
canonical,202,artifacts\strictmask_validation_wtb_full\wtb_bal_align_force_seed202,test,6,211,threshold_sensor_noise,0.5,wspd_sd=0.50;pab_sd=1.00,740,2154,910.0,709.0,0.9783783783783784,0.8067567567567567,0.17162162162162165,0.7956043956043956,0.842031029619182,-0.046426634014786416,0.8775757575757575,0.8240165631469979,0.05355919442875956,0.5,1.0,,,,,
canonical,202,artifacts\strictmask_validation_wtb_full\wtb_bal_align_force_seed202,test,6,211,threshold_sensor_noise,1.0,wspd_sd=1.00;pab_sd=2.00,740,2154,910.0,586.0,0.9783783783783784,0.6378378378378379,0.3405405405405405,0.7956043956043956,0.8054607508532423,-0.00985635524884676,0.8775757575757575,0.7119155354449471,0.16566022213081033,1.0,2.0,,,,,
canonical,202,artifacts\strictmask_validation_wtb_full\wtb_bal_align_force_seed202,test,6,211,pretrigger_ranking,1.0,lead_steps=1,211,279624,,,,,,,,,,,,,,0.0007545847280633994,0.10152743283444189,0.9854395495309115,1.2561537137091631e-06,7.259752304006724e-09
canonical,202,artifacts\strictmask_validation_wtb_full\wtb_bal_align_force_seed202,test,6,211,pretrigger_ranking,3.0,lead_steps=3,499,279624,,,,,,,,,,,,,,0.0017845392384058592,0.12259912411235188,0.9684207860414066,5.822388277750493e-07,7.175926302023518e-09
canonical,202,artifacts\strictmask_validation_wtb_full\wtb_bal_align_force_seed202,test,6,211,pretrigger_ranking,6.0,lead_steps=6,878,279624,,,,,,,,,,,,,,0.003139930764169027,0.12369242250786217,0.9556744019878025,3.8660678077875263e-07,7.010241763427347e-09
canonical,202,artifacts\strictmask_validation_wtb_full\wtb_bal_align_force_seed202,test,6,211,pretrigger_ranking,12.0,lead_steps=12,1666,279624,,,,,,,,,,,,,,0.0059580007438560355,0.12719671619843914,0.9215529159159329,5.226056258570492e-07,5.118962690169809e-09
canonical,203,artifacts\strictmask_validation_wtb_full\wtb_bal_align_force_seed203,test,6,211,label_delay,1.0,delay_steps=1,740,2154,867.0,678.0,0.922972972972973,0.6554054054054054,0.2675675675675676,0.7877739331026529,0.7153392330383481,0.07243470006430475,0.850031113876789,0.6840620592383638,0.16596905463842515,,,,,,,
canonical,203,artifacts\strictmask_validation_wtb_full\wtb_bal_align_force_seed203,test,6,211,label_delay,3.0,delay_steps=3,740,2154,867.0,607.0,0.922972972972973,0.3810810810810811,0.5418918918918919,0.7877739331026529,0.4645799011532125,0.32319403194944035,0.850031113876789,0.41870824053452116,0.4313228733422678,,,,,,,
canonical,203,artifacts\strictmask_validation_wtb_full\wtb_bal_align_force_seed203,test,6,211,label_delay,6.0,delay_steps=6,740,2154,867.0,424.0,0.922972972972973,0.19594594594594594,0.727027027027027,0.7877739331026529,0.3419811320754717,0.44579280102718116,0.850031113876789,0.2491408934707904,0.6008902204059986,,,,,,,
canonical,203,artifacts\strictmask_validation_wtb_full\wtb_bal_align_force_seed203,test,6,211,label_availability,1.0,available_rate=1.00,740,2154,867.0,842.0,0.922972972972973,1.0,-0.07702702702702702,0.7877739331026529,0.8788598574821853,-0.09108592437953245,0.850031113876789,0.9355246523388117,-0.08549353846202268,,,,,,,
canonical,203,artifacts\strictmask_validation_wtb_full\wtb_bal_align_force_seed203,test,6,211,label_availability,0.75,available_rate=0.75,740,2154,867.0,627.0,0.922972972972973,0.7378378378378379,0.18513513513513513,0.7877739331026529,0.8708133971291866,-0.08303946402653373,0.850031113876789,0.7988295537673737,0.051201560109415234,,,,,,,
canonical,203,artifacts\strictmask_validation_wtb_full\wtb_bal_align_force_seed203,test,6,211,label_availability,0.5,available_rate=0.50,740,2154,867.0,451.0,0.922972972972973,0.5256756756756756,0.39729729729729735,0.7877739331026529,0.8625277161862528,-0.07475378308359992,0.850031113876789,0.653232577665827,0.196798536210962,,,,,,,
canonical,203,artifacts\strictmask_validation_wtb_full\wtb_bal_align_force_seed203,test,6,211,label_availability,0.25,available_rate=0.25,740,2154,867.0,203.0,0.922972972972973,0.23513513513513515,0.6878378378378378,0.7877739331026529,0.8571428571428571,-0.06936892404020423,0.850031113876789,0.36903499469777307,0.4809961191790159,,,,,,,
canonical,203,artifacts\strictmask_validation_wtb_full\wtb_bal_align_force_seed203,test,6,211,threshold_sensor_noise,0.25,wspd_sd=0.25;pab_sd=0.50,740,2154,867.0,756.0,0.922972972972973,0.8959459459459459,0.027027027027027084,0.7877739331026529,0.876984126984127,-0.08921019388147411,0.850031113876789,0.8863636363636365,-0.036332522486847485,0.25,0.5,,,,,
canonical,203,artifacts\strictmask_validation_wtb_full\wtb_bal_align_force_seed203,test,6,211,threshold_sensor_noise,0.5,wspd_sd=0.50;pab_sd=1.00,740,2154,867.0,698.0,0.922972972972973,0.8067567567567567,0.11621621621621625,0.7877739331026529,0.8553008595988538,-0.06752692649620096,0.850031113876789,0.8303198887343533,0.01971122514243573,0.5,1.0,,,,,
canonical,203,artifacts\strictmask_validation_wtb_full\wtb_bal_align_force_seed203,test,6,211,threshold_sensor_noise,1.0,wspd_sd=1.00;pab_sd=2.00,740,2154,867.0,590.0,0.922972972972973,0.6351351351351351,0.2878378378378379,0.7877739331026529,0.7966101694915254,-0.008836236388872543,0.850031113876789,0.7067669172932329,0.14326419658355605,1.0,2.0,,,,,
canonical,203,artifacts\strictmask_validation_wtb_full\wtb_bal_align_force_seed203,test,6,211,pretrigger_ranking,1.0,lead_steps=1,211,279624,,,,,,,,,,,,,,0.0007545847280633994,0.06635787529972681,0.9860749370934934,0.19298767148020612,0.002552583208920842
canonical,203,artifacts\strictmask_validation_wtb_full\wtb_bal_align_force_seed203,test,6,211,pretrigger_ranking,3.0,lead_steps=3,499,279624,,,,,,,,,,,,,,0.0017845392384058592,0.07965724206928482,0.9703659105043945,0.1323625048674321,0.002464474486010476
canonical,203,artifacts\strictmask_validation_wtb_full\wtb_bal_align_force_seed203,test,6,211,pretrigger_ranking,6.0,lead_steps=6,878,279624,,,,,,,,,,,,,,0.003139930764169027,0.07885328815539518,0.9537733910217852,0.08951129006967336,0.0024228308860229373
canonical,203,artifacts\strictmask_validation_wtb_full\wtb_bal_align_force_seed203,test,6,211,pretrigger_ranking,12.0,lead_steps=12,1666,279624,,,,,,,,,,,,,,0.0059580007438560355,0.08923240606581789,0.8951704020385954,0.06321943388256536,0.0023335243237761413
canonical,204,artifacts\strictmask_validation_wtb_full\wtb_bal_align_force_seed204,test,6,211,label_delay,1.0,delay_steps=1,740,2154,943.0,678.0,0.9635135135135136,0.6554054054054054,0.3081081081081082,0.7560975609756098,0.7153392330383481,0.04075832793726164,0.8472964943553178,0.6840620592383638,0.163234435116954,,,,,,,
canonical,204,artifacts\strictmask_validation_wtb_full\wtb_bal_align_force_seed204,test,6,211,label_delay,3.0,delay_steps=3,740,2154,943.0,607.0,0.9635135135135136,0.3810810810810811,0.5824324324324325,0.7560975609756098,0.4645799011532125,0.29151765982239725,0.8472964943553178,0.41870824053452116,0.4285882538207967,,,,,,,
canonical,204,artifacts\strictmask_validation_wtb_full\wtb_bal_align_force_seed204,test,6,211,label_delay,6.0,delay_steps=6,740,2154,943.0,424.0,0.9635135135135136,0.19594594594594594,0.7675675675675676,0.7560975609756098,0.3419811320754717,0.41411642890013806,0.8472964943553178,0.2491408934707904,0.5981556008845275,,,,,,,
canonical,204,artifacts\strictmask_validation_wtb_full\wtb_bal_align_force_seed204,test,6,211,label_availability,1.0,available_rate=1.00,740,2154,943.0,842.0,0.9635135135135136,1.0,-0.03648648648648645,0.7560975609756098,0.8788598574821853,-0.12276229650657555,0.8472964943553178,0.9355246523388117,-0.08822815798349382,,,,,,,
canonical,204,artifacts\strictmask_validation_wtb_full\wtb_bal_align_force_seed204,test,6,211,label_availability,0.75,available_rate=0.75,740,2154,943.0,623.0,0.9635135135135136,0.7337837837837838,0.22972972972972971,0.7560975609756098,0.8715890850722311,-0.11549152409662133,0.8472964943553178,0.7967718268525312,0.05052466750278661,,,,,,,
canonical,204,artifacts\strictmask_validation_wtb_full\wtb_bal_align_force_seed204,test,6,211,label_availability,0.5,available_rate=0.50,740,2154,943.0,424.0,0.9635135135135136,0.504054054054054,0.45945945945945954,0.7560975609756098,0.8797169811320755,-0.12361942015646576,0.8472964943553178,0.6408934707903781,0.20640302356493978,,,,,,,
canonical,204,artifacts\strictmask_validation_wtb_full\wtb_bal_align_force_seed204,test,6,211,label_availability,0.25,available_rate=0.25,740,2154,943.0,202.0,0.9635135135135136,0.23243243243243245,0.731081081081081,0.7560975609756098,0.8514851485148515,-0.0953875875392417,0.8472964943553178,0.36518046709129515,0.4821160272640227,,,,,,,
canonical,204,artifacts\strictmask_validation_wtb_full\wtb_bal_align_force_seed204,test,6,211,threshold_sensor_noise,0.25,wspd_sd=0.25;pab_sd=0.50,740,2154,943.0,756.0,0.9635135135135136,0.8932432432432432,0.07027027027027033,0.7560975609756098,0.8743386243386243,-0.11824106336301454,0.8472964943553178,0.8836898395721924,-0.03639334521687454,0.25,0.5,,,,,
canonical,204,artifacts\strictmask_validation_wtb_full\wtb_bal_align_force_seed204,test,6,211,threshold_sensor_noise,0.5,wspd_sd=0.50;pab_sd=1.00,740,2154,943.0,697.0,0.9635135135135136,0.8094594594594594,0.15405405405405415,0.7560975609756098,0.8593974175035868,-0.10329985652797702,0.8472964943553178,0.8336812804453723,0.013615213909945578,0.5,1.0,,,,,
canonical,204,artifacts\strictmask_validation_wtb_full\wtb_bal_align_force_seed204,test,6,211,threshold_sensor_noise,1.0,wspd_sd=1.00;pab_sd=2.00,740,2154,943.0,602.0,0.9635135135135136,0.6662162162162162,0.29729729729729737,0.7560975609756098,0.8189368770764119,-0.06283931610080218,0.8472964943553178,0.7347242921013413,0.11257220225397657,1.0,2.0,,,,,
canonical,204,artifacts\strictmask_validation_wtb_full\wtb_bal_align_force_seed204,test,6,211,pretrigger_ranking,1.0,lead_steps=1,211,279624,,,,,,,,,,,,,,0.0007545847280633994,0.09238144998254139,0.9856615111337932,0.26094890894844547,0.0018582218347396996
canonical,204,artifacts\strictmask_validation_wtb_full\wtb_bal_align_force_seed204,test,6,211,pretrigger_ranking,3.0,lead_steps=3,499,279624,,,,,,,,,,,,,,0.0017845392384058592,0.10052548424174425,0.9600107586422284,0.1661118763036879,0.001760436116516634
canonical,204,artifacts\strictmask_validation_wtb_full\wtb_bal_align_force_seed204,test,6,211,pretrigger_ranking,6.0,lead_steps=6,878,279624,,,,,,,,,,,,,,0.003139930764169027,0.0921659048336237,0.9358113285162395,0.10867776051365993,0.0017178810944991222
canonical,204,artifacts\strictmask_validation_wtb_full\wtb_bal_align_force_seed204,test,6,211,pretrigger_ranking,12.0,lead_steps=12,1666,279624,,,,,,,,,,,,,,0.0059580007438560355,0.09928806390631063,0.8916875300332755,0.07126245307321873,0.001638910592529315
canonical,205,artifacts\strictmask_validation_wtb_full\wtb_bal_align_force_seed205,test,6,211,label_delay,1.0,delay_steps=1,740,2154,969.0,678.0,0.9932432432432432,0.6554054054054054,0.33783783783783783,0.7585139318885449,0.7153392330383481,0.04317469885019676,0.8601521357519016,0.6840620592383638,0.1760900765135378,,,,,,,
canonical,205,artifacts\strictmask_validation_wtb_full\wtb_bal_align_force_seed205,test,6,211,label_delay,3.0,delay_steps=3,740,2154,969.0,607.0,0.9932432432432432,0.3810810810810811,0.6121621621621621,0.7585139318885449,0.4645799011532125,0.29393403073533236,0.8601521357519016,0.41870824053452116,0.4414438952173805,,,,,,,
canonical,205,artifacts\strictmask_validation_wtb_full\wtb_bal_align_force_seed205,test,6,211,label_delay,6.0,delay_steps=6,740,2154,969.0,424.0,0.9932432432432432,0.19594594594594594,0.7972972972972973,0.7585139318885449,0.3419811320754717,0.4165327998130732,0.8601521357519016,0.2491408934707904,0.6110112422811113,,,,,,,
canonical,205,artifacts\strictmask_validation_wtb_full\wtb_bal_align_force_seed205,test,6,211,label_availability,1.0,available_rate=1.00,740,2154,969.0,842.0,0.9932432432432432,1.0,-0.006756756756756799,0.7585139318885449,0.8788598574821853,-0.12034592559364043,0.8601521357519016,0.9355246523388117,-0.07537251658691002,,,,,,,
canonical,205,artifacts\strictmask_validation_wtb_full\wtb_bal_align_force_seed205,test,6,211,label_availability,0.75,available_rate=0.75,740,2154,969.0,636.0,0.9932432432432432,0.7635135135135135,0.22972972972972971,0.7585139318885449,0.8883647798742138,-0.12985084798566893,0.8601521357519016,0.8212209302325582,0.03893120551934348,,,,,,,
canonical,205,artifacts\strictmask_validation_wtb_full\wtb_bal_align_force_seed205,test,6,211,label_availability,0.5,available_rate=0.50,740,2154,969.0,411.0,0.9932432432432432,0.4905405405405405,0.5027027027027027,0.7585139318885449,0.8832116788321168,-0.12469774694357194,0.8601521357519016,0.630755864465682,0.22939627128621964,,,,,,,
canonical,205,artifacts\strictmask_validation_wtb_full\wtb_bal_align_force_seed205,test,6,211,label_availability,0.25,available_rate=0.25,740,2154,969.0,195.0,0.9932432432432432,0.23648648648648649,0.7567567567567567,0.7585139318885449,0.8974358974358975,-0.1389219655473526,0.8601521357519016,0.37433155080213903,0.4858205849497626,,,,,,,
canonical,205,artifacts\strictmask_validation_wtb_full\wtb_bal_align_force_seed205,test,6,211,threshold_sensor_noise,0.25,wspd_sd=0.25;pab_sd=0.50,740,2154,969.0,753.0,0.9932432432432432,0.8945945945945946,0.09864864864864864,0.7585139318885449,0.8791500664010624,-0.12063613451251753,0.8601521357519016,0.8868050904219691,-0.026652954670067452,0.25,0.5,,,,,
canonical,205,artifacts\strictmask_validation_wtb_full\wtb_bal_align_force_seed205,test,6,211,threshold_sensor_noise,0.5,wspd_sd=0.50;pab_sd=1.00,740,2154,969.0,707.0,0.9932432432432432,0.8202702702702702,0.17297297297297298,0.7585139318885449,0.8585572842998586,-0.10004335241131368,0.8601521357519016,0.8389771941948859,0.021174941557015714,0.5,1.0,,,,,
canonical,205,artifacts\strictmask_validation_wtb_full\wtb_bal_align_force_seed205,test,6,211,threshold_sensor_noise,1.0,wspd_sd=1.00;pab_sd=2.00,740,2154,969.0,612.0,0.9932432432432432,0.6581081081081082,0.33513513513513504,0.7585139318885449,0.795751633986928,-0.037237702098383174,0.8601521357519016,0.720414201183432,0.1397379345684696,1.0,2.0,,,,,
canonical,205,artifacts\strictmask_validation_wtb_full\wtb_bal_align_force_seed205,test,6,211,pretrigger_ranking,1.0,lead_steps=1,211,279624,,,,,,,,,,,,,,0.0007545847280633994,0.10106814875730738,0.9794616567776491,5.681889219760134e-05,1.62101893034923e-07
canonical,205,artifacts\strictmask_validation_wtb_full\wtb_bal_align_force_seed205,test,6,211,pretrigger_ranking,3.0,lead_steps=3,499,279624,,,,,,,,,,,,,,0.0017845392384058592,0.11425169757072244,0.9444928405848867,3.0624065372981405e-05,1.5047292027279215e-07
canonical,205,artifacts\strictmask_validation_wtb_full\wtb_bal_align_force_seed205,test,6,211,pretrigger_ranking,6.0,lead_steps=6,878,279624,,,,,,,,,,,,,,0.003139930764169027,0.1089772191889974,0.9276503300732779,1.8680350910941036e-05,1.466597346417692e-07
canonical,205,artifacts\strictmask_validation_wtb_full\wtb_bal_align_force_seed205,test,6,211,pretrigger_ranking,12.0,lead_steps=12,1666,279624,,,,,,,,,,,,,,0.0059580007438560355,0.11478583350697133,0.8895323532819398,1.1981963929058185e-05,1.3426564655973166e-07
