farm,seed,regime,lead_step,model,mean_cost,ci_95,delta_vs_routed,delta_ci_95,p_val_vs_routed
penmanshiel,205,clean,1,Global Quantile,792259.584780777,"[518160.6817565918, 1100229.893979454]",58479.2581023407,"[22385.383815002442, 98788.8518239975]",0.0
penmanshiel,205,clean,1,Continuous Physical Quantile,785082.2375452118,"[512358.39294090273, 1088325.2613378523]",51301.91086677551,"[17491.1809261322, 87940.95016727447]",0.0
penmanshiel,205,clean,1,Missingness-Aware GBDT,1516114.218213853,"[833583.1672318199, 2289774.865839965]",782333.8915354166,"[319349.3903913155, 1318706.3268690682]",0.0
penmanshiel,205,clean,1,Frozen Backbone MLP,751744.2286325416,"[469363.80432538985, 1082725.389741993]",17963.90195410538,"[-66948.97199802399, 116795.45743722915]",0.385
penmanshiel,205,clean,1,Joint Routed,733780.3266784362,"[481145.76955299376, 1022344.7181941984]",0.0,"[0.0, 0.0]",1.0
penmanshiel,205,delay6,1,Global Quantile,817462.7961633835,"[536041.0940608978, 1128927.28279705]",67064.06467697906,"[28737.186779403688, 115064.36752204895]",0.001
penmanshiel,205,delay6,1,Continuous Physical Quantile,813368.6428798294,"[534304.926298523, 1127627.8311676022]",62969.91139342499,"[26162.708518600462, 110252.78478870391]",0.0
penmanshiel,205,delay6,1,Missingness-Aware GBDT,1630037.3028841787,"[1035914.6817110992, 2304200.4137080447]",879638.5713977743,"[511767.7192023889, 1335477.7754136259]",0.0
penmanshiel,205,delay6,1,Frozen Backbone MLP,827689.065992136,"[535620.4903692246, 1176665.5457342148]",77290.33450573159,"[-4675.792085170746, 176314.81545825]",0.037
penmanshiel,205,delay6,1,Joint Routed,750398.7314864044,"[498896.55345172883, 1045330.804261589]",0.0,"[0.0, 0.0]",1.0
penmanshiel,205,sensor_noise,1,Global Quantile,790259.0801940383,"[539585.5538619995, 1074875.3949810027]",44595.335647010805,"[17503.35031452179, 76865.20479812621]",0.0
penmanshiel,205,sensor_noise,1,Continuous Physical Quantile,787568.4981983261,"[541402.5397935867, 1070019.258584976]",41904.753651298524,"[17292.994776344298, 71529.63217334748]",0.0
penmanshiel,205,sensor_noise,1,Missingness-Aware GBDT,1469073.7354729557,"[871719.3792597232, 2147897.554421847]",723409.9909259281,"[325722.84586183087, 1163748.9925243694]",0.0
penmanshiel,205,sensor_noise,1,Frozen Backbone MLP,732006.7763085156,"[469392.41782217025, 1035017.2509843825]",-13656.96823851204,"[-89381.29216609002, 67913.26427550313]",0.641
penmanshiel,205,sensor_noise,1,Joint Routed,745663.7445470276,"[509801.85424366, 1012927.4210115433]",0.0,"[0.0, 0.0]",1.0
penmanshiel,205,markov_burst,1,Global Quantile,798220.2511451645,"[522760.33885421755, 1100222.9199693678]",56523.336286346435,"[18545.460111808778, 98928.49962844848]",0.0
penmanshiel,205,markov_burst,1,Continuous Physical Quantile,792342.0914994125,"[515758.3433004379, 1094441.4617910385]",50645.17664059448,"[16968.422536849976, 88987.3049003601]",0.0
penmanshiel,205,markov_burst,1,Missingness-Aware GBDT,1510141.471858627,"[892061.5433614366, 2228658.968638564]",768444.5569998089,"[338562.9580260644, 1247965.8262129338]",0.0
penmanshiel,205,markov_burst,1,Frozen Backbone MLP,757607.147688303,"[480861.5165969849, 1064527.7504397868]",15910.23282948494,"[-60138.19997591972, 106808.00691471099]",0.369
penmanshiel,205,markov_burst,1,Joint Routed,741696.914858818,"[486674.3075050354, 1028451.1351711273]",0.0,"[0.0, 0.0]",1.0
