farm,regime,lead_step,model,total_cost,total_cost,violation_rate,violation_rate,total_reserve,total_reserve,total_shortage,total_shortage,pinball_loss,pinball_loss
,,,,mean,std,mean,std,mean,std,mean,std,mean,std
penmanshiel,clean,1,Continuous Physical Quantile,786387.5625,,0.059681475272422464,,693661.0416666666,,9272.650390625,,58.39154815673828,
penmanshiel,clean,1,Frozen Backbone MLP,751786.75,,0.15406538139145012,,470884.25,,28090.239583333332,,54.91115951538086,
penmanshiel,clean,1,Global Quantile,793628.25,,0.05431684828164292,,710270.5,,8335.768229166666,,59.11986541748047,
penmanshiel,clean,1,Joint Routed,734957.25,,0.07108130762782901,,618295.75,,11666.153645833332,,53.218345642089844,
penmanshiel,clean,1,Missingness-Aware GBDT,1514101.75107618,,0.4595138306789606,,126180.85025497962,,138792.09008212003,,131.58996158959164,
penmanshiel,delay6,1,Continuous Physical Quantile,814181.5625,,0.06968933669185558,,692549.4166666666,,12163.208333333332,,60.24347686767578,
penmanshiel,delay6,1,Frozen Backbone MLP,828129.0,,0.18270361041141897,,461859.75,,36626.92708333333,,61.64876174926758,
penmanshiel,delay6,1,Global Quantile,818248.0,,0.06515533165407221,,709079.6666666666,,10916.81640625,,60.65319061279297,
penmanshiel,delay6,1,Joint Routed,751519.4375,,0.08094038623005878,,610910.7916666666,,14060.861979166666,,53.92991638183594,
penmanshiel,delay6,1,Missingness-Aware GBDT,1631531.6017773258,,0.4755667506297229,,124019.9188316698,,150751.16829456564,,142.59613234627363,
penmanshiel,markov_burst,1,Continuous Physical Quantile,794042.5,,0.059691482226693494,,694186.0833333333,,9985.635416666666,,59.315067291259766,
penmanshiel,markov_burst,1,Frozen Backbone MLP,758018.375,,0.1522468142186452,,468357.5416666666,,28966.078125,,55.69091796875,
penmanshiel,markov_burst,1,Global Quantile,799936.3125,,0.05499664654594232,,710151.3333333333,,8978.4921875,,59.90801239013672,
penmanshiel,markov_burst,1,Joint Routed,743255.625,,0.0720992622401073,,614836.6666666666,,12841.897135416666,,54.20572280883789,
penmanshiel,markov_burst,1,Missingness-Aware GBDT,1508387.8924493291,,0.46277665995975853,,125127.79604837857,,138326.0096400951,,131.18080402718527,
penmanshiel,sensor_noise,1,Continuous Physical Quantile,789194.75,,0.05141814562945762,,710228.5,,7896.619791666666,,58.133541107177734,
penmanshiel,sensor_noise,1,Frozen Backbone MLP,732465.75,,0.14761983745231383,,469071.125,,26339.458333333332,,52.48792266845703,
penmanshiel,sensor_noise,1,Global Quantile,791899.75,,0.04926190081273843,,717891.1666666666,,7400.850260416666,,58.40272903442383,
penmanshiel,sensor_noise,1,Joint Routed,746962.125,,0.061701774755349145,,642479.8333333333,,10448.2265625,,53.93058395385742,
penmanshiel,sensor_noise,1,Missingness-Aware GBDT,1468842.8016847917,,0.4606070658483994,,133776.80287874924,,133506.59988060425,,125.77142624260432,
