check,passed
all_required_files_exist,True
selected_runs_cover_required_5_seeds,True
raw_runs_cover_required_policies,True
gated_policies_are_applicable,True
summary_has_total_cost_violation_reserve_and_shortage_energy,True
requested_strata_present,True
gate_correctness_operational_loss_present,True
operational_window_cost_violation_reserve_and_boundary_shortage_present,True
gate_boundary_operational_gain_present,True
daily_costs_cover_required_seed_policy_pairs,True
paired_bootstrap_rows_at_least_min,True
paired_bootstrap_required_candidates_present,True
paired_bootstrap_ci_present,True
paired_bootstrap_uses_seed_day_pairs,True
