Grid_Point_ID,Latitude,Longitude,Mean_SSHF_1e5_J_m2
0,33.29999923706055,116.69999694824219,-25.071947228096676
1,33.29999923706055,116.80000305175781,-24.372362639728095
2,33.29999923706055,116.9000015258789,-23.18660980929003
3,33.29999923706055,117.0,-22.68053066276435
4,33.29999923706055,117.0999984741211,-22.436006612537764
5,33.29999923706055,117.19999694824219,-20.44300029645015
6,33.29999923706055,117.30000305175781,-19.339246168806646
7,33.29999923706055,117.4000015258789,-20.683468991691843
8,33.29999923706055,117.5,-20.948820115181267
9,33.29999923706055,117.5999984741211,-20.710228047583083
10,33.29999923706055,117.69999694824219,-19.876902741691843
11,33.29999923706055,117.80000305175781,-19.659389692220543
12,33.29999923706055,117.9000015258789,-18.100291359516618
13,33.29999923706055,118.0,-18.32519433723565
14,33.29999923706055,118.0999984741211,-21.78593479229607
15,33.29999923706055,118.19999694824219,-15.7162315086858
16,33.20000076293945,116.69999694824219,-21.989842401812687
17,33.20000076293945,116.80000305175781,-22.22533166918429
18,33.20000076293945,116.9000015258789,-22.11153590634441
19,33.20000076293945,117.0,-20.85440494712991
20,33.20000076293945,117.0999984741211,-20.21927831004532
21,33.20000076293945,117.19999694824219,-19.114329257930514
22,33.20000076293945,117.30000305175781,-17.06309325339879
23,33.20000076293945,117.4000015258789,-15.893613850075528
24,33.20000076293945,117.5,-16.379289522280967
25,33.20000076293945,117.5999984741211,-16.415569378776436
26,33.20000076293945,117.69999694824219,-18.006990964879154
27,33.20000076293945,117.80000305175781,-9.311521200906345
28,33.20000076293945,117.9000015258789,-9.733700940332326
29,33.20000076293945,118.0,-13.287820413519638
30,33.20000076293945,118.0999984741211,-14.102810300226587
31,33.20000076293945,118.19999694824219,-9.083214648791541
32,33.099998474121094,116.69999694824219,-18.873008702794564
33,33.099998474121094,116.80000305175781,-19.21891128021148
34,33.099998474121094,116.9000015258789,-20.548787360271902
35,33.099998474121094,117.0,-19.306659082326284
36,33.099998474121094,117.0999984741211,-14.41812078549849
37,33.099998474121094,117.19999694824219,-16.970369896148036
38,33.099998474121094,117.30000305175781,-17.497964584592147
39,33.099998474121094,117.4000015258789,-16.125860679758308
40,33.099998474121094,117.5,-15.233341110271903
41,33.099998474121094,117.5999984741211,-15.735345126510575
42,33.099998474121094,117.69999694824219,-14.34432611404834
43,33.099998474121094,117.80000305175781,-12.960394884818731
44,33.099998474121094,117.9000015258789,-12.61513909932024
45,33.099998474121094,118.0,-14.63591348376133
46,33.099998474121094,118.0999984741211,-16.7542060668429
47,33.099998474121094,118.19999694824219,-11.97033215823263
48,33.0,116.69999694824219,-19.067556221676735
49,33.0,116.80000305175781,-17.592515134063444
50,33.0,116.9000015258789,-15.050394082326283
51,33.0,117.0,-12.069823032477341
52,33.0,117.0999984741211,-12.23287207326284
53,33.0,117.19999694824219,-15.100985713746224
54,33.0,117.30000305175781,-14.533532390483382
55,33.0,117.4000015258789,-14.76560410120846
56,33.0,117.5,-12.852251148036252
57,33.0,117.5999984741211,-13.990463211858007
58,33.0,117.69999694824219,-11.799112280966767
59,33.0,117.80000305175781,-7.945643219410876
60,33.0,117.9000015258789,-11.909151742824772
61,33.0,118.0,-9.402656918429004
62,33.0,118.0999984741211,-5.879559888595166
63,33.0,118.19999694824219,-5.752935976208459
64,32.900001525878906,116.69999694824219,-18.554475558912387
65,32.900001525878906,116.80000305175781,-15.986436372734138
66,32.900001525878906,116.9000015258789,-16.286941648413897
67,32.900001525878906,117.0,-15.630534195619335
68,32.900001525878906,117.0999984741211,-12.409634089879154
69,32.900001525878906,117.19999694824219,-10.511867207326283
70,32.900001525878906,117.30000305175781,-13.647716172583083
71,32.900001525878906,117.4000015258789,-13.740421414274925
72,32.900001525878906,117.5,-13.56232371223565
73,32.900001525878906,117.5999984741211,-12.72492784365559
74,32.900001525878906,117.69999694824219,-12.131397494335348
75,32.900001525878906,117.80000305175781,-12.939082392371603
76,32.900001525878906,117.9000015258789,-14.054469967900303
77,32.900001525878906,118.0,-5.051160451283988
78,32.900001525878906,118.0999984741211,-9.923145473942599
79,32.900001525878906,118.19999694824219,-6.495489495845922
80,32.79999923706055,116.69999694824219,-16.098835844033232
81,32.79999923706055,116.80000305175781,-14.974571827794563
82,32.79999923706055,116.9000015258789,-15.248273374244713
83,32.79999923706055,117.0,-14.780629320241692
84,32.79999923706055,117.0999984741211,-13.73445847432024
85,32.79999923706055,117.19999694824219,-14.503325496601208
86,32.79999923706055,117.30000305175781,-12.510507964501512
87,32.79999923706055,117.4000015258789,-12.8422345902568
88,32.79999923706055,117.5,-12.300637020392749
89,32.79999923706055,117.5999984741211,-12.266201312311178
90,32.79999923706055,117.69999694824219,-11.603257369712992
91,32.79999923706055,117.80000305175781,-11.02012436744713
92,32.79999923706055,117.9000015258789,-11.741301246223564
93,32.79999923706055,118.0,-11.205593236404834
94,32.79999923706055,118.0999984741211,-11.32150111216012
95,32.79999923706055,118.19999694824219,-11.329049254154079
96,32.70000076293945,116.69999694824219,-10.948371954305138
97,32.70000076293945,116.80000305175781,-11.889215728851964
98,32.70000076293945,116.9000015258789,-12.704965515483382
99,32.70000076293945,117.0,-12.20914776812689
100,32.70000076293945,117.0999984741211,-9.339589293806647
101,32.70000076293945,117.19999694824219,-9.485446871223566
102,32.70000076293945,117.30000305175781,-13.256439335347432
103,32.70000076293945,117.4000015258789,-13.20777258308157
104,32.70000076293945,117.5,-13.446760475830816
105,32.70000076293945,117.5999984741211,-12.25276217333837
106,32.70000076293945,117.69999694824219,-10.00137686744713
107,32.70000076293945,117.80000305175781,-9.688545932779457
108,32.70000076293945,117.9000015258789,-10.737186722054382
109,32.70000076293945,118.0,-11.173287326283988
110,32.70000076293945,118.0999984741211,-10.971573449773414
111,32.70000076293945,118.19999694824219,-9.391132537764351
112,32.599998474121094,116.69999694824219,-8.081224227719034
113,32.599998474121094,116.80000305175781,-12.120058906722054
114,32.599998474121094,116.9000015258789,-12.940553948262838
115,32.599998474121094,117.0,-13.848273432779456
116,32.599998474121094,117.0999984741211,-11.403238717900303
117,32.599998474121094,117.19999694824219,-5.675533194864049
118,32.599998474121094,117.30000305175781,-11.95845680702417
119,32.599998474121094,117.4000015258789,-11.201229926359517
120,32.599998474121094,117.5,-10.105674752643504
121,32.599998474121094,117.5999984741211,-10.870728731117824
122,32.599998474121094,117.69999694824219,-10.939293183534744
123,32.599998474121094,117.80000305175781,-9.532490734516616
124,32.599998474121094,117.9000015258789,-8.86951269070997
125,32.599998474121094,118.0,-9.446940581570997
126,32.599998474121094,118.0999984741211,-9.805132955060422
127,32.599998474121094,118.19999694824219,-9.385310311555891
128,32.5,116.69999694824219,-10.409778058912385
129,32.5,116.80000305175781,-8.082366253776435
130,32.5,116.9000015258789,-6.2560622337613285
131,32.5,117.0,-11.165874027567977
132,32.5,117.0999984741211,-13.014342375377643
133,32.5,117.19999694824219,-11.910327579305138
134,32.5,117.30000305175781,-11.232773232628398
135,32.5,117.4000015258789,-10.931769305135953
136,32.5,117.5,-9.831210711858006
137,32.5,117.5999984741211,-9.36987871223565
138,32.5,117.69999694824219,-9.208429431646525
139,32.5,117.80000305175781,-8.625543234516616
140,32.5,117.9000015258789,-8.339363442220543
141,32.5,118.0,-8.994533119335347
142,32.5,118.0999984741211,-10.78343467900302
143,32.5,118.19999694824219,-8.974187150679757
144,32.400001525878906,116.69999694824219,-10.579190375755287
145,32.400001525878906,116.80000305175781,-9.631736155589124
146,32.400001525878906,116.9000015258789,-4.993629629909365
147,32.400001525878906,117.0,-8.803110109516616
148,32.400001525878906,117.0999984741211,-11.355580679758308
149,32.400001525878906,117.19999694824219,-10.06677194486405
150,32.400001525878906,117.30000305175781,-8.871721927870091
151,32.400001525878906,117.4000015258789,-11.545178317598188
152,32.400001525878906,117.5,-10.516906102719032
153,32.400001525878906,117.5999984741211,-7.317952811555892
154,32.400001525878906,117.69999694824219,-9.012101723942598
155,32.400001525878906,117.80000305175781,-8.701538268504532
156,32.400001525878906,117.9000015258789,-9.373594104984894
157,32.400001525878906,118.0,-8.613492930513594
158,32.400001525878906,118.0999984741211,-10.111152466012085
159,32.400001525878906,118.19999694824219,-7.567979331570997
160,32.29999923706055,116.69999694824219,-5.195137305513596
161,32.29999923706055,116.80000305175781,-4.543860260574018
162,32.29999923706055,116.9000015258789,-5.593358349697885
163,32.29999923706055,117.0,-7.029166965634441
164,32.29999923706055,117.0999984741211,-8.144731765483384
165,32.29999923706055,117.19999694824219,-8.508349994335347
166,32.29999923706055,117.30000305175781,-8.491304501510575
167,32.29999923706055,117.4000015258789,-9.996392549093656
168,32.29999923706055,117.5,-10.095007403700906
169,32.29999923706055,117.5999984741211,-9.606896444486406
170,32.29999923706055,117.69999694824219,-9.391541548338369
171,32.29999923706055,117.80000305175781,-8.443039716767371
172,32.29999923706055,117.9000015258789,-7.186291102719033
173,32.29999923706055,118.0,-13.697615313444109
174,32.29999923706055,118.0999984741211,-12.899063109894259
175,32.29999923706055,118.19999694824219,-7.6331942088368585
176,32.20000076293945,116.69999694824219,-6.565237930513595
177,32.20000076293945,116.80000305175781,-8.222351642749244
178,32.20000076293945,116.9000015258789,-7.552820024546828
179,32.20000076293945,117.0,-7.349449760196374
180,32.20000076293945,117.0999984741211,-7.888914335347431
181,32.20000076293945,117.19999694824219,-7.786421115936555
182,32.20000076293945,117.30000305175781,-8.617411708836858
183,32.20000076293945,117.4000015258789,-9.162899529833837
184,32.20000076293945,117.5,-9.312899983006043
185,32.20000076293945,117.5999984741211,-9.013723221299093
186,32.20000076293945,117.69999694824219,-8.34019566276435
187,32.20000076293945,117.80000305175781,-7.282424531722055
188,32.20000076293945,117.9000015258789,-7.661645385196374
189,32.20000076293945,118.0,-10.049920600453172
190,32.20000076293945,118.0999984741211,-15.328062024169185
191,32.20000076293945,118.19999694824219,-7.172083136329305
192,32.099998474121094,116.69999694824219,-6.190526214123866
193,32.099998474121094,116.80000305175781,-7.159114103096677
194,32.099998474121094,116.9000015258789,-7.54460733194864
195,32.099998474121094,117.0,-7.2548184441087615
196,32.099998474121094,117.0999984741211,-7.166993464879154
197,32.099998474121094,117.19999694824219,-8.100841548338368
198,32.099998474121094,117.30000305175781,-8.720149095543807
199,32.099998474121094,117.4000015258789,-8.413106076283988
200,32.099998474121094,117.5,-8.320397547205438
201,32.099998474121094,117.5999984741211,-7.058179724320242
202,32.099998474121094,117.69999694824219,-7.978954614803626
203,32.099998474121094,117.80000305175781,-7.374147994712991
204,32.099998474121094,117.9000015258789,-5.08878333081571
205,32.099998474121094,118.0,-6.0572792541540785
206,32.099998474121094,118.0999984741211,-6.821148385574018
207,32.099998474121094,118.19999694824219,-4.998943814199396
208,32.0,116.69999694824219,-5.654418825528701
209,32.0,116.80000305175781,-5.604498632930514
210,32.0,116.9000015258789,-6.4929747790785495
211,32.0,117.0,-7.290368219410876
212,32.0,117.0999984741211,-7.654148666918429
213,32.0,117.19999694824219,-7.855881918429003
214,32.0,117.30000305175781,-7.6541700377643505
215,32.0,117.4000015258789,-7.95264550226586
216,32.0,117.5,-7.404476727719033
217,32.0,117.5999984741211,-8.078150050981874
218,32.0,117.69999694824219,-7.562508398791541
219,32.0,117.80000305175781,-6.515854008685801
220,32.0,117.9000015258789,-6.546623991691843
221,32.0,118.0,-5.308373419561933
222,32.0,118.0999984741211,-4.427467615181269
223,32.0,118.19999694824219,-4.050709186178248
224,31.899999618530273,116.69999694824219,-4.655815619335347
225,31.899999618530273,116.80000305175781,-5.0631015691087615
226,31.899999618530273,116.9000015258789,-5.785194646903323
227,31.899999618530273,117.0,-6.691839762084593
228,31.899999618530273,117.0999984741211,-7.667824656344411
229,31.899999618530273,117.19999694824219,-8.563768351586102
230,31.899999618530273,117.30000305175781,-8.43976939010574
231,31.899999618530273,117.4000015258789,-8.287576121601209
232,31.899999618530273,117.5,-8.45106828549849
233,31.899999618530273,117.5999984741211,-8.197039603474321
234,31.899999618530273,117.69999694824219,-7.849138055135951
235,31.899999618530273,117.80000305175781,-7.145903493202417
236,31.899999618530273,117.9000015258789,-6.5854450434290035
237,31.899999618530273,118.0,-6.635511540785498
238,31.899999618530273,118.0999984741211,-5.782092643504532
239,31.899999618530273,118.19999694824219,-4.975345583459214
240,31.799999237060547,116.69999694824219,-4.066879915030212
241,31.799999237060547,116.80000305175781,-4.837112879531722
242,31.799999237060547,116.9000015258789,-5.319685047205438
243,31.799999237060547,117.0,-6.066421961858006
244,31.799999237060547,117.0999984741211,-6.294718423338368
245,31.799999237060547,117.19999694824219,-6.374501942975831
246,31.799999237060547,117.30000305175781,-6.2697725585347435
247,31.799999237060547,117.4000015258789,-7.247720339879153
248,31.799999237060547,117.5,-7.669496975075529
249,31.799999237060547,117.5999984741211,-8.423256340634442
250,31.799999237060547,117.69999694824219,-7.38347326283988
251,31.799999237060547,117.80000305175781,-6.87204931457704
252,31.799999237060547,117.9000015258789,-7.036377226208459
253,31.799999237060547,118.0,-6.115136212235649
254,31.799999237060547,118.0999984741211,-5.619082288519638
255,31.799999237060547,118.19999694824219,-5.5089234308912385
