suite,weight_source,seed,run_dir,complete,overall_rmse,switch_rmse,pitch_control_rmse,nmi,ari
legacy_strict_cache,full-period metadata,201,artifacts\strictmask_validation_wtb_full\wtb_bal_align_force_seed201,True,245.05650076454498,246.98750193326939,308.02785712242945,0.8685219495963965,0.9241844431299363
legacy_strict_cache,full-period metadata,202,artifacts\strictmask_validation_wtb_full\wtb_bal_align_force_seed202,True,244.3904892509043,248.70275717964802,281.8780547522014,0.9376829354835647,0.9691651955188825
legacy_strict_cache,full-period metadata,203,artifacts\strictmask_validation_wtb_full\wtb_bal_align_force_seed203,True,228.08975312048003,229.04004623604982,269.99509776952215,0.8220635055843163,0.8658346099022438
legacy_strict_cache,full-period metadata,204,artifacts\strictmask_validation_wtb_full\wtb_bal_align_force_seed204,True,227.7822288819282,232.0818978043903,263.03116070010077,0.8590561337165527,0.9059655279699039
legacy_strict_cache,full-period metadata,205,artifacts\strictmask_validation_wtb_full\wtb_bal_align_force_seed205,True,235.3334826213029,242.4638690028913,311.8079809157905,0.870766547887612,0.917691201920439
train_only_weight_rerun,train split,201,artifacts\trainweight_class_weight_rerun_20260702\wtb_bal_align_force_seed201,True,225.92758333202906,229.42236276192816,326.5028432098439,0.4541434959343795,0.3762657405728374
train_only_weight_rerun,train split,202,artifacts\trainweight_class_weight_rerun_20260702\wtb_bal_align_force_seed202,True,232.65469518613145,232.539769649695,273.82599532874923,0.9146620743158156,0.9551431345502864
train_only_weight_rerun,train split,203,artifacts\trainweight_class_weight_rerun_20260702\wtb_bal_align_force_seed203,True,229.50510737215987,230.64720253768996,294.86226621192174,0.804784926732126,0.8563321734620353
train_only_weight_rerun,train split,204,artifacts\trainweight_class_weight_rerun_20260702\wtb_bal_align_force_seed204,True,230.8989439795065,233.10338514909256,267.5706530229684,0.7339735366101386,0.7691547522111025
train_only_weight_rerun,train split,205,artifacts\trainweight_class_weight_rerun_20260702\wtb_bal_align_force_seed205,True,230.65708654999403,232.51823621935543,285.3904555808996,0.6962865695369349,0.7418999514658722
