subset,cost_ratio,baseline,model,policy,n_runs,total_cost_mean,violation_rate_mean,reserve_energy_mean,shortage_energy_mean,regret,overall_rmse_mean
full,2.0,Graph WaveNet/global-quantile reserve,Graph WaveNet,global,5,189527633.26178402,0.6152838516358925,2058570.2144714356,93734531.52365628,1615942.908676356,225.73768659711436
full,2.0,Graph WaveNet/physical-bin reserve,Graph WaveNet,physical-bin,5,187911690.35310766,0.5741111920958859,8016994.629030228,89947347.86203872,0.0,225.73768659711436
full,2.0,Boundary-forced router/global,Boundary-forced router,global,5,205182877.09311056,0.6058045837382572,6286538.7633190155,99448169.16489579,17271186.7400029,236.13049092783208
full,2.0,Boundary-forced router/gate-bin,Boundary-forced router,gate-bin,5,201781580.31158233,0.5265366861030126,15814057.706331033,92983761.30262566,13869889.958474666,236.13049092783208
full,5.0,Graph WaveNet/global-quantile reserve,Graph WaveNet,global,5,340973716.7161791,0.22852486232588273,148594534.24731794,38475836.49377223,0.0,225.73768659711436
full,5.0,Graph WaveNet/physical-bin reserve,Graph WaveNet,physical-bin,5,342318228.3602971,0.23460276967930027,146361129.76975852,39191419.718107715,1344511.644118011,225.73768659711436
full,5.0,Boundary-forced router/global,Boundary-forced router,global,5,367174816.11065924,0.20996720116618076,177014813.51114243,38032000.51990336,26201099.39448017,236.13049092783208
full,5.0,Boundary-forced router/gate-bin,Boundary-forced router,gate-bin,5,363315491.91446173,0.24120910268869453,166768046.81563795,39309489.019764744,22341775.19828266,236.13049092783208
full,10.0,Graph WaveNet/global-quantile reserve,Graph WaveNet,global,5,464072749.19116163,0.09010568513119534,288013475.08878195,17605927.410237983,0.0,225.73768659711436
full,10.0,Graph WaveNet/physical-bin reserve,Graph WaveNet,physical-bin,5,464427891.5744934,0.1056648850016197,278147441.53227186,18628045.004222155,355142.38333177567,225.73768659711436
full,10.0,Boundary-forced router/global,Boundary-forced router,global,5,501319742.7763602,0.08566367022999676,324967165.48712426,17635257.728923596,37246993.58519858,236.13049092783208
full,10.0,Boundary-forced router/gate-bin,Boundary-forced router,gate-bin,5,481355997.40682364,0.12135163589245221,291161668.67267776,19019432.873414587,17283248.215662003,236.13049092783208
full,20.0,Graph WaveNet/global-quantile reserve,Graph WaveNet,global,5,620494799.1047533,0.033792921930677025,458421593.8745249,8103660.261511423,20534620.451326847,225.73768659711436
full,20.0,Graph WaveNet/physical-bin reserve,Graph WaveNet,physical-bin,5,599960178.6534264,0.04782758341431811,407537939.8666474,9621111.939338952,0.0,225.73768659711436
full,20.0,Boundary-forced router/global,Boundary-forced router,global,5,664246374.9523674,0.0323574667962423,510350323.9170265,7694802.551767044,64286196.298941016,236.13049092783208
full,20.0,Boundary-forced router/gate-bin,Boundary-forced router,gate-bin,5,606180609.9848454,0.06020610625202462,414101205.96275723,9603970.201104406,6220431.331418991,236.13049092783208
full,50.0,Graph WaveNet/global-quantile reserve,Graph WaveNet,global,5,846561290.5114262,0.012504049238743117,703597642.4697244,2859272.9608340366,48925037.094620466,225.73768659711436
full,50.0,Graph WaveNet/physical-bin reserve,Graph WaveNet,physical-bin,5,798527864.8725188,0.024503968253968257,540573330.3843708,5159090.689762956,891611.4557130337,225.73768659711436
full,50.0,Boundary-forced router/global,Boundary-forced router,global,5,887644133.1828241,0.011317622287010044,766148191.6194869,2429918.8312667427,90007879.76601839,236.13049092783208
full,50.0,Boundary-forced router/gate-bin,Boundary-forced router,gate-bin,5,797636253.4168057,0.033175413022351795,526514152.6106429,5422442.0161232585,0.0,236.13049092783208
boundary,2.0,Graph WaveNet/global-quantile reserve,Graph WaveNet,global,5,27817612.87530131,0.32370266479663395,0.0,13908806.43765065,0.0,225.73768659711436
boundary,2.0,Graph WaveNet/physical-bin reserve,Graph WaveNet,physical-bin,5,27817612.87530131,0.32370266479663395,0.0,13908806.43765065,0.0,225.73768659711436
boundary,2.0,Boundary-forced router/global,Boundary-forced router,global,5,29024876.617449652,0.34197288452547914,0.0,14512438.308724826,1207263.7421483435,236.13049092783208
boundary,2.0,Boundary-forced router/gate-bin,Boundary-forced router,gate-bin,5,29024876.617449652,0.34197288452547914,0.0,14512438.308724826,1207263.7421483435,236.13049092783208
boundary,5.0,Graph WaveNet/global-quantile reserve,Graph WaveNet,global,5,62608889.023662046,0.22545114539504443,17689439.578839466,8983889.888964519,2112831.31515117,225.73768659711436
boundary,5.0,Graph WaveNet/physical-bin reserve,Graph WaveNet,physical-bin,5,60619862.865993,0.2043197755960729,19424476.474456154,8239077.278307368,123805.15748212487,225.73768659711436
boundary,5.0,Boundary-forced router/global,Boundary-forced router,global,5,62441664.72388164,0.21987844787283778,19449358.304580137,8598461.2838603,1945607.0153707638,236.13049092783208
boundary,5.0,Boundary-forced router/gate-bin,Boundary-forced router,gate-bin,5,60496057.708510876,0.2028985507246377,21622878.972266007,7774635.747248973,0.0,236.13049092783208
boundary,10.0,Graph WaveNet/global-quantile reserve,Graph WaveNet,global,5,88797862.32470186,0.10215988779803646,50316974.99097633,3848088.733372554,5022306.53383179,225.73768659711436
boundary,10.0,Graph WaveNet/physical-bin reserve,Graph WaveNet,physical-bin,5,84314352.53911972,0.09305282842449744,50347427.22062167,3396692.5318498043,538796.74824965,225.73768659711436
boundary,10.0,Boundary-forced router/global,Boundary-forced router,global,5,88128653.4938914,0.10380551659654043,50819720.65623847,3730893.2837652937,4353097.703021333,236.13049092783208
boundary,10.0,Boundary-forced router/gate-bin,Boundary-forced router,gate-bin,5,84577216.79579607,0.09004207573632539,52666638.8925984,3191057.790319767,801661.0049259961,236.13049092783208
boundary,20.0,Graph WaveNet/global-quantile reserve,Graph WaveNet,global,5,113093817.69370842,0.04431977559607293,85442352.83196945,1382573.2430869492,4851275.926973388,225.73768659711436
boundary,20.0,Graph WaveNet/physical-bin reserve,Graph WaveNet,physical-bin,5,109414384.44533587,0.041103319308087895,84835340.26877412,1228952.208828088,1171842.6786008328,225.73768659711436
boundary,20.0,Boundary-forced router/global,Boundary-forced router,global,5,112297098.13932583,0.03736325385694249,91106658.97628284,1059521.9581521496,4054556.372590795,236.13049092783208
boundary,20.0,Boundary-forced router/gate-bin,Boundary-forced router,gate-bin,5,110904403.35238147,0.03751285647498831,90410772.7675297,1024681.5292425889,2661861.5856464356,236.13049092783208
boundary,50.0,Graph WaveNet/global-quantile reserve,Graph WaveNet,global,5,136899994.45630687,0.02359981299672744,112611639.8162686,485767.0928007652,1117356.4338384867,225.73768659711436
boundary,50.0,Graph WaveNet/physical-bin reserve,Graph WaveNet,physical-bin,5,135782638.0224684,0.023356708742402994,110257722.29710674,510498.31450723286,0.0,225.73768659711436
boundary,50.0,Boundary-forced router/global,Boundary-forced router,global,5,136802503.7116675,0.012510518934081347,125243177.15914297,231186.53105049083,1019865.6891991198,236.13049092783208
boundary,50.0,Boundary-forced router/gate-bin,Boundary-forced router,gate-bin,5,142734232.42509755,0.01600748013090229,124198675.42118995,370711.1400781522,6951594.402629167,236.13049092783208
