regime,lead_step,model,total_cost,total_cost,violation_rate,violation_rate,total_reserve,total_reserve,total_shortage,total_shortage,pinball_loss,pinball_loss
,,,mean,std,mean,std,mean,std,mean,std,mean,std
clean,1,Continuous Physical Quantile,639067.13125,181818.99899997987,0.08409052808046938,0.020665417865666752,508922.5,206858.8708160237,13014.464713541665,2952.8283552864455,47.92280654907226,11.512859117098666
clean,1,Frozen Backbone MLP,659172.7875,215860.4964680495,0.15614417435037714,0.05357977333065943,370962.825,120395.19201032685,28820.99192708333,14644.193046876524,49.945166015625,15.327501336758637
clean,1,Global Quantile,640737.9375,184716.55356827288,0.07889354568315168,0.019000723146305343,519316.9125,201879.04755027473,12142.099479166665,2824.3098554572357,48.09086380004883,11.811982162096127
clean,1,Joint Routed,597939.90625,156096.79575033084,0.10813076278290024,0.02349806756852349,426168.9291666666,157651.58072079014,17177.09427083333,3842.728875457861,43.785949325561525,9.102562674015779
clean,1,Missingness-Aware GBDT,1121466.1832410742,468685.9945822864,0.38062028499580886,0.13332007310611865,137627.97172757267,25797.035952409107,98383.82115135013,45578.698005350205,96.44576271018047,40.32939423982089
delay6,1,Continuous Physical Quantile,709880.8375,133186.2094640124,0.12077246011754825,0.04959898930382828,508112.58125,206537.68991616688,20176.825260416663,8174.937991184438,53.32943878173828,7.213227040626324
delay6,1,Frozen Backbone MLP,762723.2,208615.57034687314,0.20382871536523925,0.04507610456610378,363102.5375,117802.28413616423,39962.066666666666,15898.408397474726,58.65360641479492,15.156311548742808
delay6,1,Global Quantile,706278.925,139689.7118225155,0.11465994962216619,0.04303160287187771,518446.2916666666,201540.57339990584,18783.26119791666,6895.805258061172,52.96652374267578,7.879514141316944
delay6,1,Joint Routed,705821.125,112964.93295503323,0.1605373635600335,0.06050690327649448,420420.7791666666,152855.67823434097,28540.029166666664,11601.692202402523,52.9203987121582,6.108708891649178
delay6,1,Missingness-Aware GBDT,1224714.1611788895,467611.66692407615,0.3975482787573467,0.10645161973249898,148130.5239341867,22829.593990649024,107658.36372447028,45938.588404320086,105.20181618161352,40.93072989244762
markov_burst,1,Continuous Physical Quantile,649031.7,181422.0630231101,0.08712273641851101,0.024749933615905998,509361.3645833333,207048.2659905409,13967.029947916666,3019.092923035814,48.87472267150879,11.622780019252174
markov_burst,1,Frozen Backbone MLP,667429.0375,214600.00009414137,0.15892018779342723,0.050138820442215105,369186.6208333333,119744.67135738052,29824.239583333332,14434.104699771464,50.725562286376956,15.271830248326342
markov_burst,1,Global Quantile,649994.125,184638.1209228154,0.08169014084507038,0.020697699373245577,519229.8458333333,201845.17572379674,13076.426562499999,2936.2193106744376,48.971548080444336,11.950800208924393
markov_burst,1,Joint Routed,610217.575,148941.7182504528,0.11438631790744462,0.026603323243735884,423463.3916666666,156902.31557280244,18675.4171875,3978.0893963336175,44.96988296508789,8.48909246266489
markov_burst,1,Missingness-Aware GBDT,1120237.8360935776,464092.31265488465,0.381421864520456,0.1287855926824632,138933.75900494645,24663.754347736187,98130.40770886312,45197.33458567495,96.27976971032642,40.014595280875575
sensor_noise,1,Continuous Physical Quantile,643616.73125,170264.87238981138,0.07951567424116765,0.029820568707017887,520939.8479166666,210258.83695227874,12267.685546874998,4192.620007684269,48.06556015014648,10.953972859614098
sensor_noise,1,Frozen Backbone MLP,646670.0,178919.75840375433,0.15750539061204177,0.03620392309639998,366138.8645833333,118001.27067246573,28053.113802083324,11032.021937284078,48.36942024230957,12.256329502407437
sensor_noise,1,Global Quantile,644454.24375,165795.74801182622,0.07944932824680706,0.03164176213802127,524888.7958333333,204045.04676733396,11956.541145833333,4081.7183455552877,48.14890594482422,10.52492093110553
sensor_noise,1,Joint Routed,611161.24375,128278.94081907699,0.11424780228893676,0.033540713665793004,428168.8666666666,165471.8850266291,18299.23333333333,4967.769015623918,44.83562088012695,7.182518729011726
sensor_noise,1,Missingness-Aware GBDT,1053331.7038026475,416329.71365962573,0.36248134018908607,0.1159514652598655,155710.41766243358,28259.8956018299,89762.1286140214,41238.59913920634,88.83998352123214,35.54049130127303
