regime,model,mean_routed_cost,mean_model_cost,delta_cost_mean,delta_cost_std,delta_cost_percent,p_value_cost,delta_pinball_mean,routed_wins
clean,Continuous Physical Quantile,658436.95,589534.8875,-68902.0625,37012.90114859868,-10.46448904485084,0.02041858628293416,-2.977832412719727,False
clean,Frozen Backbone MLP,658436.95,1074874.7875,416437.8375,316783.34653573914,63.24642587266709,0.05823712436720942,17.99774932861328,True
clean,Global Quantile,658436.95,717780.6,59343.65,77329.89328506192,9.012806769121934,0.1996198280858801,2.564733886718751,True
clean,Joint Dense Head,658436.95,686555.2375,28118.2875,55121.85614502484,4.270460140488774,0.3653063542651985,1.2152256011962899,True
clean,Missingness-Aware GBDT,658436.95,608915.9351263966,-49521.01487360334,67250.48206488173,-7.520995726865472,0.21481168488582408,-2.1402139448672814,False
delay6,Continuous Physical Quantile,747947.5375,739261.525,-8686.0125,33252.123157551905,-1.1613130686990196,0.6289672275275029,-0.3707759857177734,False
delay6,Frozen Backbone MLP,747947.5375,1112826.15,364878.6125,298059.55063742714,48.783984732351634,0.07056976109039197,15.575352478027344,True
delay6,Global Quantile,747947.5375,790677.0875,42729.55,59189.778561069455,5.7129073708595515,0.22228232716548119,1.823969268798828,True
delay6,Joint Dense Head,747947.5375,788229.6375,40282.1,60239.176334018186,5.385685222608276,0.25207311911455466,1.719496154785157,True
delay6,Missingness-Aware GBDT,747947.5375,685944.1320817646,-62003.40541823534,72310.09837764374,-8.289806745735204,0.16150556920161377,-2.6467019043377875,False
markov_burst,Continuous Physical Quantile,684945.0125,611462.275,-73482.7375,39342.90781333324,-10.728268132326901,0.020199937149397915,-3.1167568206787104,False
markov_burst,Frozen Backbone MLP,684945.0125,1098616.425,413671.4125,318972.269119219,60.39483534453797,0.06044289680627682,17.545799255371094,True
markov_burst,Global Quantile,684945.0125,743044.75,58099.7375,73929.38920827385,8.482394417026287,0.19110461596129508,2.464291000366211,True
markov_burst,Joint Dense Head,684945.0125,711324.3875,26379.375,53166.49600888233,3.8513128088512074,0.37720619686820306,1.1188766479492187,True
markov_burst,Missingness-Aware GBDT,684945.0125,633744.9319317122,-51200.08056828787,70483.92119512841,-7.47506436778206,0.21992949943123186,-2.1716404714779736,False
sensor_noise,Continuous Physical Quantile,711218.0,700306.825,-10911.175,18380.000359995574,-1.5341533819447764,0.30080260346158827,-0.452869796752929,False
sensor_noise,Frozen Backbone MLP,711218.0,1052607.125,341389.125,272606.8195519161,48.000630608336685,0.06643737135740553,14.169444274902343,True
sensor_noise,Global Quantile,711218.0,757012.4625,45794.4625,69591.75958599104,6.438878445146214,0.25849756473980245,1.9007122039794928,True
sensor_noise,Joint Dense Head,711218.0,738913.5875,27695.5875,44149.596799928426,3.894106659280277,0.2779226208349707,1.1495136260986327,True
sensor_noise,Missingness-Aware GBDT,711218.0,691744.2657574683,-19473.7342425318,59612.587754281856,-2.7380823098588336,0.5491867750006139,-0.8082597324803473,False
