seed,regime,lead_step,model,total_cost,mean_cost_per_event,violation_rate,total_shortage,total_reserve,pinball_loss,n_events
205,clean,1,Global Quantile,595008.125,42.85875701904297,0.059281135201325365,20098.444010416664,394023.6666666666,22.94167709350586,13883
205,clean,1,Continuous Physical Quantile,527804.0625,38.01801300048828,0.06453936469062882,19653.864583333332,331265.4375,20.037227630615234,13883
205,clean,1,Missingness-Aware GBDT,576436.2473620027,41.52101472030561,0.052510264352085285,16628.31930818367,410153.05428016605,22.13903132567705,13883
205,clean,1,Frozen Backbone MLP,1025995.0625,73.9029769897461,0.0077072678815817905,2917.771484375,996817.3333333333,41.568214416503906,13883
205,clean,1,Joint Dense Head,566953.125,40.83794021606445,0.06533170064107181,21019.955729166664,356753.5,21.729185104370117,13883
205,clean,1,Joint Routed,588547.125,42.393367767333984,0.06086580710221134,20447.010416666664,384076.9583333333,22.662437438964844,13883
205,delay6,1,Global Quantile,678740.375,48.28830337524414,0.08252703471826978,27980.661458333332,398933.7083333333,25.05318832397461,14056
205,delay6,1,Continuous Physical Quantile,643100.25,45.75271987915039,0.09953044963005123,30798.190104166664,335118.3958333333,23.531843185424805,14056
205,delay6,1,Missingness-Aware GBDT,651079.7194819204,46.320412598315336,0.056346044393853156,17454.424939249908,476535.4700894212,23.872457144709863,14056
205,delay6,1,Frozen Backbone MLP,1059868.75,75.4032974243164,0.011809903244166193,3617.058919270833,1023698.0833333333,41.32218551635742,14056
205,delay6,1,Joint Dense Head,666144.625,47.392189025878906,0.09526180990324416,30561.536458333332,360529.25,24.515522003173828,14056
205,delay6,1,Joint Routed,687232.625,48.89247512817383,0.0855862265224815,29521.526041666664,392017.3333333333,25.415691375732422,14056
205,sensor_noise,1,Global Quantile,635959.25,43.99275207519531,0.0657858328721638,22567.28125,410286.4166666666,23.197586059570312,14456
205,sensor_noise,1,Continuous Physical Quantile,601076.6875,41.57973861694336,0.08231876037631433,24965.276041666664,351423.9166666666,21.749778747558594,14456
205,sensor_noise,1,Missingness-Aware GBDT,632693.5040356596,43.76684449610263,0.06281128942999446,19533.18300740293,437361.6739616303,23.062044496951703,14456
205,sensor_noise,1,Frozen Backbone MLP,1020920.8125,70.62263488769531,0.012797454344216934,4134.434244791666,979576.4166666666,39.175514221191406,14456
205,sensor_noise,1,Joint Dense Head,613454.1875,42.43595504760742,0.08307969009407859,25822.96875,355224.5,22.263511657714844,14456
205,sensor_noise,1,Joint Routed,628373.875,43.46803283691406,0.0781682346430548,25412.010416666664,374253.6666666666,22.88275146484375,14456
205,markov_burst,1,Global Quantile,617143.375,43.626705169677734,0.06171355860313869,21565.529947916664,401488.0833333333,23.27952766418457,14146
205,markov_burst,1,Continuous Physical Quantile,545688.25,38.57544708251953,0.06722748480135728,20934.29296875,336345.3333333333,20.248769760131836,14146
205,markov_burst,1,Missingness-Aware GBDT,597962.014236691,42.2707489210159,0.05400820019793581,17523.146230188242,422730.5519348085,22.465952557218433,14146
205,markov_burst,1,Frozen Backbone MLP,1049046.25,74.15850830078125,0.00812950657429662,3184.1005859375,1017205.3333333333,41.59861373901367,14146
205,markov_burst,1,Joint Dense Head,588781.25,41.62174987792969,0.06857062067015411,22496.807291666664,363813.125,22.076549530029297,14146
205,markov_burst,1,Joint Routed,610954.3125,43.18919372558594,0.06242047221829492,21959.7890625,391356.5,23.017019271850586,14146
