run_dir,model,seed,dataset,farm,target_farm,split_id,complete,metric_files_complete,overall_rmse,switch_rmse,boundary_rmse,nmi,ari,expert_usage_entropy,expert_usage
artifacts\external_wind_runs\kelmarsh\leave_one_farm_out\external_wind_graph_wavenet_seed201,Graph WaveNet,201,external_wind,kelmarsh,penmanshiel,leave-one-farm-out,True,True,356.2637554194629,0.0,,,,,
artifacts\external_wind_runs\penmanshiel\leave_one_farm_out\external_wind_graph_wavenet_seed201,Graph WaveNet,201,external_wind,penmanshiel,kelmarsh,leave-one-farm-out,True,True,631.058426058683,0.0,,,,,
artifacts\external_wind_runs\kelmarsh\chronological\external_wind_graph_wavenet_seed201,Graph WaveNet,201,external_wind,kelmarsh,,chronological,True,True,311.14845073486583,320.58565681598753,,,,,
artifacts\external_wind_runs\penmanshiel\chronological\external_wind_graph_wavenet_seed201,Graph WaveNet,201,external_wind,penmanshiel,,chronological,True,True,415.3050567025297,0.0,,,,,
artifacts\external_wind_runs\kelmarsh\leave_one_farm_out\external_wind_graph_wavenet_seed202,Graph WaveNet,202,external_wind,kelmarsh,penmanshiel,leave-one-farm-out,True,True,342.6694008159926,0.0,,,,,
artifacts\external_wind_runs\penmanshiel\leave_one_farm_out\external_wind_graph_wavenet_seed202,Graph WaveNet,202,external_wind,penmanshiel,kelmarsh,leave-one-farm-out,True,True,613.2858744695894,0.0,,,,,
artifacts\external_wind_runs\kelmarsh\chronological\external_wind_graph_wavenet_seed202,Graph WaveNet,202,external_wind,kelmarsh,,chronological,True,True,285.71797399424855,277.07654876303195,,,,,
artifacts\external_wind_runs\penmanshiel\chronological\external_wind_graph_wavenet_seed202,Graph WaveNet,202,external_wind,penmanshiel,,chronological,True,True,423.45747666497294,0.0,,,,,
artifacts\external_wind_runs\kelmarsh\leave_one_farm_out\external_wind_graph_wavenet_seed203,Graph WaveNet,203,external_wind,kelmarsh,penmanshiel,leave-one-farm-out,True,True,354.8434517710487,0.0,,,,,
artifacts\external_wind_runs\penmanshiel\leave_one_farm_out\external_wind_graph_wavenet_seed203,Graph WaveNet,203,external_wind,penmanshiel,kelmarsh,leave-one-farm-out,True,True,681.401753292366,0.0,,,,,
artifacts\external_wind_runs\kelmarsh\chronological\external_wind_graph_wavenet_seed203,Graph WaveNet,203,external_wind,kelmarsh,,chronological,True,True,289.68151099771626,281.0691733510984,,,,,
artifacts\external_wind_runs\penmanshiel\chronological\external_wind_graph_wavenet_seed203,Graph WaveNet,203,external_wind,penmanshiel,,chronological,True,True,415.87028435890164,0.0,,,,,
artifacts\external_wind_runs\kelmarsh\leave_one_farm_out\external_wind_graph_wavenet_seed204,Graph WaveNet,204,external_wind,kelmarsh,penmanshiel,leave-one-farm-out,True,True,349.8291527838937,0.0,,,,,
artifacts\external_wind_runs\penmanshiel\leave_one_farm_out\external_wind_graph_wavenet_seed204,Graph WaveNet,204,external_wind,penmanshiel,kelmarsh,leave-one-farm-out,True,True,585.8816570285263,0.0,,,,,
artifacts\external_wind_runs\kelmarsh\chronological\external_wind_graph_wavenet_seed204,Graph WaveNet,204,external_wind,kelmarsh,,chronological,True,True,290.2588173227354,279.4025940016191,,,,,
artifacts\external_wind_runs\penmanshiel\chronological\external_wind_graph_wavenet_seed204,Graph WaveNet,204,external_wind,penmanshiel,,chronological,True,True,442.64349126869286,0.0,,,,,
artifacts\external_wind_runs\kelmarsh\leave_one_farm_out\external_wind_graph_wavenet_seed205,Graph WaveNet,205,external_wind,kelmarsh,penmanshiel,leave-one-farm-out,True,True,369.6397993899088,0.0,,,,,
artifacts\external_wind_runs\penmanshiel\leave_one_farm_out\external_wind_graph_wavenet_seed205,Graph WaveNet,205,external_wind,penmanshiel,kelmarsh,leave-one-farm-out,True,True,566.2861863217877,0.0,,,,,
artifacts\external_wind_runs\kelmarsh\chronological\external_wind_graph_wavenet_seed205,Graph WaveNet,205,external_wind,kelmarsh,,chronological,True,True,300.70496674391643,305.1897884096679,,,,,
artifacts\external_wind_runs\penmanshiel\chronological\external_wind_graph_wavenet_seed205,Graph WaveNet,205,external_wind,penmanshiel,,chronological,True,True,420.6359354801919,0.0,,,,,
artifacts\external_wind_runs\kelmarsh\leave_one_farm_out\external_wind_patchtst_seed201,PatchTST,201,external_wind,kelmarsh,penmanshiel,leave-one-farm-out,True,True,339.08865785290044,0.0,,,,,
artifacts\external_wind_runs\penmanshiel\leave_one_farm_out\external_wind_patchtst_seed201,PatchTST,201,external_wind,penmanshiel,kelmarsh,leave-one-farm-out,True,True,565.2814981418587,0.0,,,,,
artifacts\external_wind_runs\kelmarsh\chronological\external_wind_patchtst_seed201,PatchTST,201,external_wind,kelmarsh,,chronological,True,True,326.19680116988263,328.77185391250106,,,,,
artifacts\external_wind_runs\penmanshiel\chronological\external_wind_patchtst_seed201,PatchTST,201,external_wind,penmanshiel,,chronological,True,True,406.26922309874215,0.0,,,,,
artifacts\external_wind_runs\kelmarsh\leave_one_farm_out\external_wind_patchtst_seed202,PatchTST,202,external_wind,kelmarsh,penmanshiel,leave-one-farm-out,True,True,330.6193694098406,0.0,,,,,
artifacts\external_wind_runs\penmanshiel\leave_one_farm_out\external_wind_patchtst_seed202,PatchTST,202,external_wind,penmanshiel,kelmarsh,leave-one-farm-out,True,True,630.3020445194225,0.0,,,,,
artifacts\external_wind_runs\kelmarsh\chronological\external_wind_patchtst_seed202,PatchTST,202,external_wind,kelmarsh,,chronological,True,True,305.1884466946851,303.30708029574464,,,,,
artifacts\external_wind_runs\penmanshiel\chronological\external_wind_patchtst_seed202,PatchTST,202,external_wind,penmanshiel,,chronological,True,True,424.5328171468175,0.0,,,,,
artifacts\external_wind_runs\kelmarsh\leave_one_farm_out\external_wind_patchtst_seed203,PatchTST,203,external_wind,kelmarsh,penmanshiel,leave-one-farm-out,True,True,343.8323840668727,0.0,,,,,
artifacts\external_wind_runs\penmanshiel\leave_one_farm_out\external_wind_patchtst_seed203,PatchTST,203,external_wind,penmanshiel,kelmarsh,leave-one-farm-out,True,True,547.3122082247017,0.0,,,,,
artifacts\external_wind_runs\kelmarsh\chronological\external_wind_patchtst_seed203,PatchTST,203,external_wind,kelmarsh,,chronological,True,True,289.3727540861926,288.456037031393,,,,,
artifacts\external_wind_runs\penmanshiel\chronological\external_wind_patchtst_seed203,PatchTST,203,external_wind,penmanshiel,,chronological,True,True,418.9020672697415,0.0,,,,,
artifacts\external_wind_runs\kelmarsh\leave_one_farm_out\external_wind_patchtst_seed204,PatchTST,204,external_wind,kelmarsh,penmanshiel,leave-one-farm-out,True,True,336.8370744205203,0.0,,,,,
artifacts\external_wind_runs\penmanshiel\leave_one_farm_out\external_wind_patchtst_seed204,PatchTST,204,external_wind,penmanshiel,kelmarsh,leave-one-farm-out,True,True,638.5156044173293,0.0,,,,,
artifacts\external_wind_runs\kelmarsh\chronological\external_wind_patchtst_seed204,PatchTST,204,external_wind,kelmarsh,,chronological,True,True,304.14302754519554,300.17803707905585,,,,,
artifacts\external_wind_runs\penmanshiel\chronological\external_wind_patchtst_seed204,PatchTST,204,external_wind,penmanshiel,,chronological,True,True,413.41669559383246,0.0,,,,,
artifacts\external_wind_runs\kelmarsh\leave_one_farm_out\external_wind_patchtst_seed205,PatchTST,205,external_wind,kelmarsh,penmanshiel,leave-one-farm-out,True,True,332.1271939196779,0.0,,,,,
artifacts\external_wind_runs\penmanshiel\leave_one_farm_out\external_wind_patchtst_seed205,PatchTST,205,external_wind,penmanshiel,kelmarsh,leave-one-farm-out,True,True,636.1682731651915,0.0,,,,,
artifacts\external_wind_runs\kelmarsh\chronological\external_wind_patchtst_seed205,PatchTST,205,external_wind,kelmarsh,,chronological,True,True,289.5605792024514,285.62417438273917,,,,,
artifacts\external_wind_runs\penmanshiel\chronological\external_wind_patchtst_seed205,PatchTST,205,external_wind,penmanshiel,,chronological,True,True,412.713461147892,0.0,,,,,
artifacts\external_wind_runs\kelmarsh\leave_one_farm_out\external_wind_full_seed201,Physics-Aligned MoE,201,external_wind,kelmarsh,penmanshiel,leave-one-farm-out,True,True,349.9926337354204,0.0,,,,1.9283354504295858e-06,"[1.20975542472479e-07, 6.160862792148336e-11, 2.0316976996181263e-13, 1.0]"
artifacts\external_wind_runs\penmanshiel\leave_one_farm_out\external_wind_full_seed201,Physics-Aligned MoE,201,external_wind,penmanshiel,kelmarsh,leave-one-farm-out,True,True,706.0227178782691,0.0,,,,0.0027225594967603683,"[0.00013398283044807613, 7.148816075641662e-05, 5.9684178268071264e-05, 0.9997351765632629]"
artifacts\external_wind_runs\kelmarsh\chronological\external_wind_full_seed201,Physics-Aligned MoE,201,external_wind,kelmarsh,,chronological,True,True,329.73828123473004,329.57508568374175,,0.7440000949497267,0.8490696878204236,0.013390147127211094,"[0.0018345844000577927, 1.9168240328326647e-09, 1.2580819198915183e-11, 0.9981678128242493]"
artifacts\external_wind_runs\penmanshiel\chronological\external_wind_full_seed201,Physics-Aligned MoE,201,external_wind,penmanshiel,,chronological,True,True,436.2162808089988,0.0,,,,9.233316632162314e-06,"[4.822679215976677e-07, 7.563470916238657e-08, 5.877857489622329e-08, 1.0]"
artifacts\external_wind_runs\kelmarsh\leave_one_farm_out\external_wind_full_seed202,Physics-Aligned MoE,202,external_wind,kelmarsh,penmanshiel,leave-one-farm-out,True,True,353.44180074251176,0.0,,,,0.9263756275177002,"[0.31549015641212463, 0.6039839386940002, 0.03423979505896568, 0.04634075239300728]"
artifacts\external_wind_runs\penmanshiel\leave_one_farm_out\external_wind_full_seed202,Physics-Aligned MoE,202,external_wind,penmanshiel,kelmarsh,leave-one-farm-out,True,True,653.8592796777098,0.0,,,,8.289306047126743e-11,"[2.39342481380897e-13, 1.0, 1.9490680770728464e-13, 1.9373238636152118e-13]"
artifacts\external_wind_runs\kelmarsh\chronological\external_wind_full_seed202,Physics-Aligned MoE,202,external_wind,kelmarsh,,chronological,True,True,299.89615312158764,306.0875874441187,,0.7584617224558372,0.8282608574970828,0.8629780411720276,"[0.19668103754520416, 0.6731408834457397, 0.0022353383246809244, 0.12793882191181183]"
artifacts\external_wind_runs\penmanshiel\chronological\external_wind_full_seed202,Physics-Aligned MoE,202,external_wind,penmanshiel,,chronological,True,True,403.96150580592666,0.0,,,,3.4230561141157523e-06,"[2.3909761281970532e-08, 1.0, 1.5813421327948163e-07, 3.045656171707378e-08]"
artifacts\external_wind_runs\kelmarsh\leave_one_farm_out\external_wind_full_seed203,Physics-Aligned MoE,203,external_wind,kelmarsh,penmanshiel,leave-one-farm-out,True,True,338.43177931733305,0.0,,,,0.5919529795646667,"[0.24916912615299225, 0.7463160753250122, 0.0031631989404559135, 0.0013851829571649432]"
artifacts\external_wind_runs\penmanshiel\leave_one_farm_out\external_wind_full_seed203,Physics-Aligned MoE,203,external_wind,penmanshiel,kelmarsh,leave-one-farm-out,True,True,652.8906777550496,0.0,,,,1.4132390333543299e-06,"[2.790198472268912e-08, 1.0, 3.2320679466124602e-09, 5.152864090973708e-08]"
artifacts\external_wind_runs\kelmarsh\chronological\external_wind_full_seed203,Physics-Aligned MoE,203,external_wind,kelmarsh,,chronological,True,True,286.3949549056336,277.01699768668976,,0.3091783399953203,0.29871138432634237,0.7817633152008057,"[0.36001184582710266, 0.6116412878036499, 0.0044244760647416115, 0.023920860141515732]"
artifacts\external_wind_runs\penmanshiel\chronological\external_wind_full_seed203,Physics-Aligned MoE,203,external_wind,penmanshiel,,chronological,True,True,411.466988285628,0.0,,,,0.00011592977534746751,"[3.5456071145745227e-06, 1.0, 1.0390850775365834e-06, 4.651929884857964e-06]"
artifacts\external_wind_runs\kelmarsh\leave_one_farm_out\external_wind_full_seed204,Physics-Aligned MoE,204,external_wind,kelmarsh,penmanshiel,leave-one-farm-out,True,True,375.2452289397304,0.0,,,,1.0284137725830078,"[0.08840057253837585, 0.4892568588256836, 0.02693212404847145, 0.39551404118537903]"
artifacts\external_wind_runs\penmanshiel\leave_one_farm_out\external_wind_full_seed204,Physics-Aligned MoE,204,external_wind,penmanshiel,kelmarsh,leave-one-farm-out,True,True,646.1566492751231,0.0,,,,6.179534466355108e-06,"[2.6036579470201104e-07, 1.2723060649477702e-07, 1.0, 1.1602900862328624e-08]"
artifacts\external_wind_runs\kelmarsh\chronological\external_wind_full_seed204,Physics-Aligned MoE,204,external_wind,kelmarsh,,chronological,True,True,318.2549957286907,319.9741176086845,,0.27073700555240204,0.22802455185697884,0.952235758304596,"[0.3613715171813965, 0.5539249181747437, 0.02160404436290264, 0.06309998780488968]"
artifacts\external_wind_runs\penmanshiel\chronological\external_wind_full_seed204,Physics-Aligned MoE,204,external_wind,penmanshiel,,chronological,True,True,422.2077961678946,0.0,,,,7.779862789902836e-05,"[1.6951570387391257e-06, 3.476662413959275e-06, 1.0, 8.263564268418122e-07]"
artifacts\external_wind_runs\kelmarsh\leave_one_farm_out\external_wind_full_seed205,Physics-Aligned MoE,205,external_wind,kelmarsh,penmanshiel,leave-one-farm-out,True,True,333.9379370624001,0.0,,,,0.7660362124443054,"[0.38713371753692627, 0.5936246514320374, 0.011220138520002365, 0.008017406798899174]"
artifacts\external_wind_runs\penmanshiel\leave_one_farm_out\external_wind_full_seed205,Physics-Aligned MoE,205,external_wind,penmanshiel,kelmarsh,leave-one-farm-out,True,True,600.7500809561737,0.0,,,,1.2793949011324912e-08,"[1.0, 2.1025488641801537e-11, 4.1889319790655577e-10, 1.425455170567247e-10]"
artifacts\external_wind_runs\kelmarsh\chronological\external_wind_full_seed205,Physics-Aligned MoE,205,external_wind,kelmarsh,,chronological,True,True,340.7752180469777,354.52798752470477,,0.7376027767650805,0.8145299228089873,1.0782935619354248,"[0.1546199470758438, 0.5732720494270325, 0.041688065975904465, 0.23041535913944244]"
artifacts\external_wind_runs\penmanshiel\chronological\external_wind_full_seed205,Physics-Aligned MoE,205,external_wind,penmanshiel,,chronological,True,True,412.3491376523245,0.0,,,,0.000278303399682045,"[1.0, 2.3828865778341424e-06, 9.708217476145364e-06, 1.1944542166020256e-05]"
artifacts\external_wind_runs\kelmarsh\leave_one_farm_out\external_wind_bal_align_force_seed201,MoE + L_bal + L_align + L_force,201,external_wind,kelmarsh,penmanshiel,leave-one-farm-out,True,True,361.3088638152032,0.0,,,,1.6783477718718132e-08,"[1.0353189139333807e-10, 2.8748826236268954e-11, 6.477786085312687e-10, 1.0]"
artifacts\external_wind_runs\penmanshiel\leave_one_farm_out\external_wind_bal_align_force_seed201,MoE + L_bal + L_align + L_force,201,external_wind,penmanshiel,kelmarsh,leave-one-farm-out,True,True,714.3244139535335,0.0,,,,0.02569912001490593,"[0.0015168174868449569, 0.0010911053977906704, 0.0007043491350486875, 0.9966955780982971]"
artifacts\external_wind_runs\kelmarsh\chronological\external_wind_bal_align_force_seed201,MoE + L_bal + L_align + L_force,201,external_wind,kelmarsh,,chronological,True,True,320.6264253371886,316.2238637727782,,0.6778883918624398,0.7943504665675667,0.11461597681045532,"[0.02437695674598217, 4.743802239914885e-09, 1.4245241097832206e-10, 0.9756234288215637]"
artifacts\external_wind_runs\penmanshiel\chronological\external_wind_bal_align_force_seed201,MoE + L_bal + L_align + L_force,201,external_wind,penmanshiel,,chronological,True,True,429.56772193520595,0.0,,,,0.00015533842088188976,"[1.0498752999410499e-05, 1.4345481531563564e-06, 1.1460226687631803e-06, 1.0]"
artifacts\external_wind_runs\kelmarsh\leave_one_farm_out\external_wind_bal_align_force_seed202,MoE + L_bal + L_align + L_force,202,external_wind,kelmarsh,penmanshiel,leave-one-farm-out,True,True,353.6804500149705,0.0,,,,1.0508127212524414,"[0.2600095868110657, 0.5653709173202515, 0.02596837654709816, 0.14864583313465118]"
artifacts\external_wind_runs\penmanshiel\leave_one_farm_out\external_wind_bal_align_force_seed202,MoE + L_bal + L_align + L_force,202,external_wind,penmanshiel,kelmarsh,leave-one-farm-out,True,True,674.6966043425736,0.0,,,,0.0035774298012256622,"[0.0001746783236740157, 0.9996403455734253, 5.652297113556415e-05, 0.00012878587585873902]"
artifacts\external_wind_runs\kelmarsh\chronological\external_wind_bal_align_force_seed202,MoE + L_bal + L_align + L_force,202,external_wind,kelmarsh,,chronological,True,True,287.31379745764696,281.7353389092465,,0.6294863326816363,0.7409020061451537,0.8930825591087341,"[0.23145677149295807, 0.6717878580093384, 0.03164474293589592, 0.06510834395885468]"
artifacts\external_wind_runs\penmanshiel\chronological\external_wind_bal_align_force_seed202,MoE + L_bal + L_align + L_force,202,external_wind,penmanshiel,,chronological,True,True,403.73885823333757,0.0,,,,0.00033137883292511106,"[1.798628545657266e-05, 1.0, 8.992550647235475e-06, 2.3431796307704644e-06]"
artifacts\external_wind_runs\kelmarsh\leave_one_farm_out\external_wind_bal_align_force_seed203,MoE + L_bal + L_align + L_force,203,external_wind,kelmarsh,penmanshiel,leave-one-farm-out,True,True,332.38626512130617,0.0,,,,0.725752055644989,"[0.2818768620491028, 0.690698504447937, 0.006046931724995375, 0.021422145888209343]"
artifacts\external_wind_runs\penmanshiel\leave_one_farm_out\external_wind_bal_align_force_seed203,MoE + L_bal + L_align + L_force,203,external_wind,penmanshiel,kelmarsh,leave-one-farm-out,True,True,675.1796998053491,0.0,,,,0.05662345141172409,"[0.003766503883525729, 0.991654634475708, 0.0011704902863129973, 0.0034134823363274336]"
artifacts\external_wind_runs\kelmarsh\chronological\external_wind_bal_align_force_seed203,MoE + L_bal + L_align + L_force,203,external_wind,kelmarsh,,chronological,True,True,295.15932648000944,295.49988307303477,,0.25303400115273683,0.19402573172965767,0.7541208267211914,"[0.39565709233283997, 0.5882259607315063, 0.0036290392745286226, 0.01248815655708313]"
artifacts\external_wind_runs\penmanshiel\chronological\external_wind_bal_align_force_seed203,MoE + L_bal + L_align + L_force,203,external_wind,penmanshiel,,chronological,True,True,410.69940181042654,0.0,,,,0.001169972587376833,"[5.115007297717966e-05, 0.9999943971633911, 1.5484105460927822e-05, 4.9135691369883716e-05]"
artifacts\external_wind_runs\kelmarsh\leave_one_farm_out\external_wind_bal_align_force_seed204,MoE + L_bal + L_align + L_force,204,external_wind,kelmarsh,penmanshiel,leave-one-farm-out,True,True,348.2454677069859,0.0,,,,1.165679693222046,"[0.13563470542430878, 0.4497619867324829, 0.05937650427222252, 0.35533174872398376]"
artifacts\external_wind_runs\penmanshiel\leave_one_farm_out\external_wind_bal_align_force_seed204,MoE + L_bal + L_align + L_force,204,external_wind,penmanshiel,kelmarsh,leave-one-farm-out,True,True,646.2420160362142,0.0,,,,0.07408836483955383,"[0.003046558704227209, 0.007305511273443699, 0.9883090853691101, 0.0013425176730379462]"
artifacts\external_wind_runs\kelmarsh\chronological\external_wind_bal_align_force_seed204,MoE + L_bal + L_align + L_force,204,external_wind,kelmarsh,,chronological,True,True,315.2629263618984,314.2955645836985,,0.2935240176101242,0.2704619423358361,0.7392668128013611,"[0.3830784857273102, 0.6033174395561218, 0.00946159940212965, 0.004144744947552681]"
artifacts\external_wind_runs\penmanshiel\chronological\external_wind_bal_align_force_seed204,MoE + L_bal + L_align + L_force,204,external_wind,penmanshiel,,chronological,True,True,419.08058918945073,0.0,,,,4.296349231935892e-08,"[5.780054213033736e-10, 1.2676151239787714e-09, 1.0, 2.1095564184392401e-10]"
artifacts\external_wind_runs\kelmarsh\leave_one_farm_out\external_wind_bal_align_force_seed205,MoE + L_bal + L_align + L_force,205,external_wind,kelmarsh,penmanshiel,leave-one-farm-out,True,True,343.21380014604085,0.0,,,,0.7334235906600952,"[0.41294386982917786, 0.5772289633750916, 0.007456453982740641, 0.0023994222283363342]"
artifacts\external_wind_runs\penmanshiel\leave_one_farm_out\external_wind_bal_align_force_seed205,MoE + L_bal + L_align + L_force,205,external_wind,penmanshiel,kelmarsh,leave-one-farm-out,True,True,607.5210907774485,0.0,,,,0.0962250754237175,"[0.9843930602073669, 0.0042359353974461555, 0.008252819068729877, 0.003120457986369729]"
artifacts\external_wind_runs\kelmarsh\chronological\external_wind_bal_align_force_seed205,MoE + L_bal + L_align + L_force,205,external_wind,kelmarsh,,chronological,True,True,329.81197110727635,339.2918459079515,,0.20270031317712484,0.0934534072168591,1.0337574481964111,"[0.34067487716674805, 0.4979252815246582, 0.005906432401388884, 0.15548957884311676]"
artifacts\external_wind_runs\penmanshiel\chronological\external_wind_bal_align_force_seed205,MoE + L_bal + L_align + L_force,205,external_wind,penmanshiel,,chronological,True,True,423.8393838546248,0.0,,,,0.0010379590094089508,"[0.9999242424964905, 1.4140720850264188e-05, 3.1808325729798526e-05, 4.772903776029125e-05]"
