subset,cost_ratio,model,policy,status,n_runs,overall_rmse_mean,total_cost_mean,total_cost_std,mean_cost_mean,mean_cost_std,violation_rate_mean,violation_rate_std,mean_reserve_mean,mean_reserve_std,reserve_energy_mean,reserve_energy_std,shortage_energy_mean,shortage_energy_std,valid_cells_mean,valid_cells_std,best_quantile,reserve,regret
boundary,10.0,Graph WaveNet,physical-bin,applicable,5,,84314352.53911972,8088614.857478063,7883.529924181367,756.298724401876,0.09305282842449744,0.006100363765295927,28245.40096528565,3358.6309209368333,50347427.22062167,5986759.616569904,3396692.5318498043,393792.87643826776,10695.0,0.0,low=0.900;mid=0.900;high=0.900,low=27749.3;mid=26998.5;high=19331.3|low=28727.5;mid=26691.1;high=16220|low=31689.9;mid=29515.6;high=18339.1|low=33340.3;mid=33571.6;high=21424.7|low=37639.3;mid=33877.8;high=23096,0.0
boundary,10.0,PatchTST,physical-bin,applicable,5,,84743490.37206303,4596771.938299241,7923.655013750635,429.8056978306908,0.09604488078541375,0.013562475997954796,28930.69334728226,2182.951993402545,51568960.89153063,3891111.928240036,3317452.9480532403,758607.0845375798,10695.0,0.0,low=0.900;mid=0.900;high=0.900,low=32216.3;mid=29548;high=16545.6|low=32970.8;mid=25452.3;high=15194.6|low=33878.6;mid=33060.3;high=17767.8|low=34375.4;mid=37113.6;high=22156.8|low=35328.8;mid=29569;high=18214.3,429137.8329433054
boundary,10.0,Graph WaveNet,global,applicable,5,,88797862.32470188,8773504.980857613,8302.74542540457,820.3370716089398,0.10215988779803646,0.0064926771409847634,28228.31696548462,3912.5253683025826,50316974.99097633,6974076.468999353,3848088.733372554,468578.3239799075,10695.0,0.0,all=0.900,all=23805|all=25468.8|all=27657.3|all=30752|all=33458.6,4483509.785582155
boundary,10.0,Physics-Aligned MoE,physical-bin,applicable,5,,90389458.32007974,13474659.500653889,8451.562255266925,1259.9027116085917,0.08877045348293595,0.010075988991821274,32758.427087610624,5646.814670198643,58391896.28366593,10065447.149629077,3199756.20364138,518034.60713876976,10695.0,0.0,low=0.900;mid=0.900;high=0.900,low=31297.9;mid=27554.6;high=17946.3|low=34760.8;mid=27700.5;high=15955.1|low=35059.6;mid=35844.3;high=23068.8|low=42162.3;mid=38310;high=24988.2|low=45723.7;mid=42388;high=27358.7,6075105.780960023
boundary,10.0,PatchTST,global,applicable,5,,91059317.28209841,5471238.2988602575,8514.195164291577,511.5697334137687,0.11568022440392707,0.01790957882900247,27975.910997186602,2682.5908194694634,49867061.35248511,4781718.135704317,4119225.59296133,915430.8740402189,10695.0,0.0,all=0.900,all=24833.5|all=26075|all=28125.6|all=29138|all=31707.4,6744964.742978692
boundary,10.0,Physics-Aligned MoE,gate-bin,applicable,5,,91621278.52737056,14276079.373295307,8566.739460249702,1334.8367810467798,0.09065918653576437,0.01222077474675815,32727.243365902927,5949.325601096413,58336311.29972197,10604672.883954357,3328496.722764859,626286.7228800699,10695.0,0.0,low=0.900;mid=0.900;high=0.900,low=28721.8;mid=33345.2;high=16168.2|low=32217.7;mid=31636.2;high=15081|low=32752.4;mid=35402.1;high=27749.2|low=38795.7;mid=43201.2;high=24928.4|low=47904.3;mid=40604.1;high=27593.4,7306925.988250837
boundary,10.0,Boundary-forced router,physical-bin,applicable,5,,93815479.08478226,14617840.587989377,8771.900802691187,1366.792013837249,0.1010004675081814,0.018596532894072978,31888.239927711176,3292.644157597687,56840787.67114518,5869138.210917873,3697469.141363708,912802.1150236516,10695.0,0.0,low=0.900;mid=0.900;high=0.900,low=30375.8;mid=30775.1;high=20212.5|low=34260.4;mid=32069.2;high=21266.2|low=36406;mid=33181.7;high=23323.8|low=37560.4;mid=33699.8;high=20901.1|low=42627.9;mid=37766.6;high=25416.3,9501126.545662537
boundary,10.0,Boundary-forced router,gate-bin,applicable,5,,95125616.39138404,13710838.468909096,8894.400784608139,1281.9858315950532,0.10214118747078076,0.016681934012040028,32232.198313940327,3199.3599964323894,57453893.49459863,5702859.193640731,3767172.289678541,905875.0748610379,10695.0,0.0,low=0.900;mid=0.900;high=0.900,low=32853.4;mid=22031.8;high=24938.2|low=32986.7;mid=32153.6;high=27375.4|low=33055.5;mid=38529;high=24570.9|low=33563.2;mid=40161.9;high=19692.1|low=38515.4;mid=44135.3;high=25891.7,10811263.852264315
boundary,10.0,Physics-Aligned MoE,global,applicable,5,,95885726.34221089,14864809.427814256,8965.472308762122,1389.8840044707115,0.10135577372604021,0.016225160889001482,32328.08752652407,5183.536617916696,57624816.01602914,9239654.02143651,3826091.0326181753,736257.2310830663,10695.0,0.0,all=0.900,all=26688.8|all=27752.5|all=32309.7|all=36354|all=38535.4,11571373.803091168
boundary,10.0,Boundary-forced router,global,applicable,5,,99547570.53229944,16659584.31456142,9307.860732332814,1557.6983931333727,0.1166713417484806,0.021026374710938076,31140.410457134247,3251.9527883234587,55507781.639841795,5796605.845186565,4403978.889245766,1122363.5224422126,10695.0,0.0,all=0.900,all=26742.6|all=30024.6|all=30822|all=32538.5|all=35574.3,15233217.993179724
boundary,10.0,Graph WaveNet,gate-bin,not_applicable,5,,,0.0,,0.0,,0.0,,0.0,,0.0,,0.0,0.0,0.0,,,
boundary,10.0,PatchTST,gate-bin,not_applicable,5,,,0.0,,0.0,,0.0,,0.0,,0.0,,0.0,0.0,0.0,,,
full,10.0,Graph WaveNet,global,applicable,5,,464072749.19116163,72125949.26407823,4697.853389123357,730.1379703603641,0.09010568513119534,0.012216032190709051,17493.529828035833,1737.1150585182893,288013475.08878195,28599862.323445115,17605927.410237983,4524201.880786637,98784.0,0.0,all=0.900,all=15943.6|all=16155.8|all=16932.9|all=18318.2|all=20117.3,0.0
full,10.0,Graph WaveNet,physical-bin,applicable,5,,464427891.5744935,74125864.48880687,4701.448529868132,750.3833058876627,0.1056648850016197,0.011736190851162408,16894.28094826724,1674.785121728728,278147441.53227186,27573662.244141772,18628045.004222155,4818295.662031505,98784.0,0.0,low=0.900;mid=0.900;high=0.900,low=14389.6;mid=16155.8;high=32069.7|low=14456.8;mid=15943.6;high=29887.7|low=15059.2;mid=16932.9;high=35272.5|low=16342.9;mid=18318.2;high=37413.6|low=18261.6;mid=20117.3;high=36108,355142.3833318949
full,10.0,Physics-Aligned MoE,gate-bin,applicable,5,,487441517.3255202,56093946.24005772,4934.417692394723,567.8444509238108,0.1029802397149336,0.00964108832078773,19550.147384104836,1797.775940161791,321873626.531902,29598583.07882373,16556789.079361832,3574603.522285935,98784.0,0.0,low=0.900;mid=0.900;high=0.900,low=10534.5;mid=20549.6;high=37693.1|low=12852.6;mid=17316.7;high=32361.6|low=13640.9;mid=18163.7;high=28739.5|low=15299.7;mid=17528;high=32580.2|low=16167.6;mid=21889.8;high=37886.6,23368768.134358585
full,10.0,Boundary-forced router,gate-bin,applicable,5,,487792618.51850814,63430967.149559155,4937.971923778225,642.1178242383295,0.12128887269193392,0.009861765921093014,18119.581726749024,2079.259904774943,298320793.5491959,34232935.072214656,18947182.49693123,5860572.706849897,98784.0,0.0,low=0.900;mid=0.900;high=0.900,low=10681.2;mid=16787.5;high=36089.3|low=11138.6;mid=14747.8;high=32428.7|low=12721.2;mid=15203;high=34836.4|low=15739.2;mid=21730;high=30411.2|low=16292.5;mid=18983.1;high=24375.6,23719869.327346504
full,10.0,PatchTST,global,applicable,5,,496714146.7952903,24837951.884131674,5028.285418643609,251.4369926722109,0.09273566569484937,0.00408530865453514,19345.792599821092,1780.4634763844504,318509129.36345446,29313550.675193593,17820501.743183587,1452983.422914995,98784.0,0.0,all=0.900,all=17069.2|all=18808.8|all=19065.8|all=19809.7|all=21975.5,32641397.60412866
full,10.0,PatchTST,physical-bin,applicable,5,,497004676.6371366,25609877.42957889,5031.226480372697,259.2512697357759,0.10585519922254619,0.006932889187889523,18811.957420115894,1676.2306661965285,309720066.9647881,27597461.688259628,18728460.96723484,1118898.3342262972,98784.0,0.0,low=0.900;mid=0.900;high=0.900,low=15592.5;mid=17069.2;high=30827.2|low=17069.4;mid=18808.8;high=33820.3|low=18150.5;mid=19065.8;high=29305|low=18509.5;mid=19809.7;high=30510.4|low=19927.5;mid=21975.5;high=39222.1,32931927.445974946
full,10.0,Boundary-forced router,physical-bin,applicable,5,,505185134.96826875,75797552.67772889,5114.03805239987,767.3059673401453,0.10301668286362164,0.006953516103799054,19115.61752761144,1887.9370266314374,314719526.9745947,31082995.20645999,19046560.799367405,5957278.58556038,98784.0,0.0,low=0.900;mid=0.900;high=0.900,low=15079.7;mid=17854.5;high=39810.3|low=17026.7;mid=19332.9;high=39541.3|low=17969.3;mid=19302.1;high=29685.5|low=18270.2;mid=21798.8;high=43558.2|low=21056;mid=22093.3;high=32375.9,41112385.77710712
full,10.0,Physics-Aligned MoE,physical-bin,applicable,5,,505451118.36348945,67797189.97775581,5116.730628072253,686.3175208308616,0.08741901522513766,0.005100215721340648,20296.65776754039,2156.818983466268,334164173.48478496,35509867.74378863,17128694.487870455,3976273.376088111,98784.0,0.0,low=0.900;mid=0.900;high=0.900,low=16562;mid=18766.1;high=40165.1|low=17803.9;mid=19048;high=32485.2|low=18893.3;mid=20265.2;high=35180|low=19332.9;mid=23014.6;high=47696.3|low=22290.8;mid=24216.7;high=41488.7,41378369.17232782
full,10.0,Boundary-forced router,global,applicable,5,,510197097.3707291,76661283.64847873,5164.774633247582,776.0495996161194,0.08711329770003237,0.010215568096264725,20076.334963618217,1811.332472271915,330536778.84101033,29821777.823484804,17966031.852971863,5491895.698171872,98784.0,0.0,all=0.900,all=17854.5|all=19302.1|all=19332.9|all=21798.8|all=22093.3,46124348.179567456
full,10.0,Physics-Aligned MoE,global,applicable,5,,510836452.5728525,70920394.0809473,5171.24688788521,717.9340184741184,0.07492103984450924,0.002462171491024606,21062.1404165566,2435.534775569535,346767079.81818783,40098644.54497682,16406937.275466468,3477184.3097723625,98784.0,0.0,all=0.900,all=18766.1|all=19048|all=20265.2|all=23014.6|all=24216.7,46763703.38169086
full,10.0,Graph WaveNet,gate-bin,not_applicable,5,,,0.0,,0.0,,0.0,,0.0,,0.0,,0.0,0.0,0.0,,,
full,10.0,PatchTST,gate-bin,not_applicable,5,,,0.0,,0.0,,0.0,,0.0,,0.0,,0.0,0.0,0.0,,,
high_ramp,10.0,Graph WaveNet,physical-bin,applicable,5,,65827901.917814136,5983541.785835595,10596.893418836788,963.2230820726976,0.1224404378622022,0.007732511703163304,44193.8548850816,4102.737177489714,45755371.09102115,4247700.557761017,2007253.0826792973,235228.54587499183,6212.0,0.0,low=0.900;mid=0.900;high=0.900,low=33830.2;mid=65076.7;high=53828.3|low=36098;mid=67851.3;high=62150.4|low=39631.8;mid=71305.3;high=62412.2|low=39928.4;mid=75117.6;high=65902.9|low=44998.9;mid=73138.5;high=63810.7,0.0
high_ramp,10.0,Graph WaveNet,global,applicable,5,,67146943.1515401,5733176.521357891,10809.231028902139,922.9195945521396,0.09652285898261428,0.009958328205111656,49904.16445625304,3958.1501965940733,51667444.93370732,4098004.836873729,1547949.8217832753,234563.42189252825,6212.0,0.0,all=0.900,all=44404.7|all=47555.9|all=50917.9|all=52196.6|all=54445.8,1319041.233725965
high_ramp,10.0,Physics-Aligned MoE,gate-bin,applicable,5,,67909173.29116459,9168579.083109306,10931.933884604732,1475.946407454814,0.12231165486155829,0.006745182545382527,43429.38618818235,8969.087758022402,44963891.166831456,9285995.525472526,2294528.2124333135,455689.1956786589,6212.0,0.0,low=0.900;mid=0.900;high=0.900,low=19963.8;mid=60438.5;high=75915.6|low=21457;mid=60144.8;high=74501.7|low=24322.5;mid=67171.6;high=69704|low=29869;mid=54015.5;high=68523.1|low=42682.9;mid=76631.1;high=87763,2081271.3733504564
high_ramp,10.0,PatchTST,physical-bin,applicable,5,,68537987.33229795,3837404.2177960887,11033.159583434957,617.7405373142448,0.11538956857694785,0.015130889383777392,46175.15835683219,1974.43945315089,47806680.61877358,2044202.9804955537,2073130.6713524368,404421.12838289276,6212.0,0.0,low=0.900;mid=0.900;high=0.900,low=37494;mid=79378.8;high=66142.5|low=38352.8;mid=80418.8;high=65063.2|low=39148.6;mid=76374.8;high=65344.7|low=40820.7;mid=96515.5;high=71273.3|low=41694.2;mid=71991.9;high=61096,2710085.4144838154
high_ramp,10.0,PatchTST,global,applicable,5,,69062526.54269509,2949226.4720014366,11117.599250272873,474.7627933035153,0.08866709594333548,0.01740856990182482,53145.37802742004,2632.9269531219506,55023181.38438889,2725957.038798925,1403934.5158306207,387032.0100046472,6212.0,0.0,all=0.900,all=51358.9|all=51452.8|all=52387.2|all=52802.2|all=57725.8,3234624.6248809546
high_ramp,10.0,Boundary-forced router,gate-bin,applicable,5,,69821815.15316507,13328035.153403169,11239.828582286715,2145.5304496785525,0.1324211204121056,0.036739957092062826,40464.83492245207,9353.630493408275,41894592.42304538,9684125.437508699,2792722.2730119685,1689486.1580496607,6212.0,0.0,low=0.900;mid=0.900;high=0.900,low=13512;mid=62597.8;high=78693.3|low=15338.3;mid=57942.7;high=62464.2|low=20096.2;mid=67157.4;high=70719.9|low=21347.2;mid=61118.4;high=55119.1|low=35064.5;mid=71720.8;high=82803.2,3993913.2353509367
high_ramp,10.0,Physics-Aligned MoE,physical-bin,applicable,5,,70903213.43756348,9975663.09108345,11413.910727231729,1605.8697828530985,0.1107533805537669,0.014347442829533343,50490.70842664678,6179.649806115403,52274713.45772163,6397997.432598147,1862849.9979841858,448942.0425025473,6212.0,0.0,low=0.900;mid=0.900;high=0.900,low=38754.4;mid=70770.1;high=69697.9|low=39493;mid=82796.7;high=70362.7|low=42302.6;mid=74188.6;high=71688.8|low=47715;mid=77235.5;high=67829.8|low=53147.9;mid=93169.3;high=87268.1,5075311.519749343
high_ramp,10.0,Boundary-forced router,physical-bin,applicable,5,,71246551.8762636,11396248.88825416,11469.180920196975,1834.5539098928145,0.1237604636188023,0.02284747313706616,47561.728453289456,5618.804831371589,49242242.85863902,5817335.935413385,2200430.901762459,639065.1255842103,6212.0,0.0,low=0.900;mid=0.900;high=0.900,low=35087.4;mid=70713;high=64716.9|low=38386.2;mid=70737.7;high=60602.5|low=40182.6;mid=79732.2;high=80794.3|low=42149.3;mid=82790.6;high=71345.2|low=48994.1;mid=88724.4;high=82079.1,5418649.958449468
high_ramp,10.0,Physics-Aligned MoE,global,applicable,5,,71674992.8998112,9251520.854832534,11538.150820961235,1489.2982702563638,0.08406310367031553,0.018044490119425195,57176.20734798639,7264.154692444816,59196433.34094858,7520821.491577865,1247855.9558862592,339386.8845517465,6212.0,0.0,all=0.900,all=48781.1|all=54790.6|all=55501.4|all=58182.4|all=68625.5,5847090.981997058
high_ramp,10.0,Boundary-forced router,global,applicable,5,,72145883.88304992,9696043.040380822,11613.954263208294,1560.8568963909884,0.09520283322601417,0.019186411640286328,54522.44016428754,6036.592072507583,56448899.71675904,6249884.992402851,1569698.4166290879,488592.58837641205,6212.0,0.0,all=0.900,all=48466|all=48823.1|all=54577.2|all=58355.7|all=62390.2,6317981.965235785
high_ramp,10.0,Graph WaveNet,gate-bin,not_applicable,5,,,0.0,,0.0,,0.0,,0.0,,0.0,,0.0,0.0,0.0,,,
high_ramp,10.0,PatchTST,gate-bin,not_applicable,5,,,0.0,,0.0,,0.0,,0.0,,0.0,,0.0,0.0,0.0,,,
late_period,10.0,Graph WaveNet,physical-bin,applicable,5,,226317625.86063156,31935037.66528092,5021.246580152458,708.5338495136873,0.10867057152999644,0.00968857658518922,16864.80643753104,2109.073602385475,126688425.95873316,15843360.901119685,9962919.990189845,1796722.4061608848,45072.0,0.0,low=0.900;mid=0.900;high=0.900,low=14308.6;mid=16821.1;high=28988.6|low=14449;mid=16451.2;high=24577.5|low=14928.8;mid=17463.5;high=31370|low=15917.9;mid=19198;high=33586.3|low=19512.3;mid=21596.1;high=30951.7,0.0
late_period,10.0,Graph WaveNet,global,applicable,5,,227785396.66821298,31514198.43535764,5053.811605169796,699.1968058962913,0.0831070287539936,0.007958115135844055,18305.9625457085,2119.846700117229,137514390.64336222,15924288.411280617,9027100.602485076,1684849.5698028405,45072.0,0.0,all=0.900,all=16451.2|all=16821.1|all=17463.5|all=19198|all=21596.1,1467770.8075814247
late_period,10.0,Physics-Aligned MoE,gate-bin,applicable,5,,237429398.10057455,23336510.255897872,5267.780398042565,517.7606996782453,0.1373269435569755,0.023952284589355985,17376.653298082372,1753.441696744218,130533419.57519476,13171854.025942562,10689597.852537975,1090350.2821697046,45072.0,0.0,low=0.900;mid=0.900;high=0.900,low=13303;mid=19638.4;high=32863.7|low=13367.5;mid=21307.8;high=25090.6|low=13980.7;mid=22333.1;high=29033.5|low=14587.8;mid=30312.2;high=36346|low=14757.3;mid=27735.4;high=34859.5,11111772.239942998
late_period,10.0,Physics-Aligned MoE,physical-bin,applicable,5,,242109116.66945457,28842716.836928066,5371.60801982283,639.9253824309563,0.09184859779907703,0.0170046682385452,20176.320283092995,2942.9623788111967,151564517.96659458,22107533.3896297,9054459.870285999,853933.0182094986,45072.0,0.0,low=0.900;mid=0.900;high=0.900,low=15949.8;mid=19108.7;high=35866.3|low=17276.9;mid=18530.1;high=25271|low=18022.5;mid=20044.8;high=30325.4|low=21840.2;mid=24174.9;high=36443.2|low=22351.1;mid=27007;high=41048.3,15791490.80882302
late_period,10.0,Boundary-forced router,gate-bin,applicable,5,,243501972.16502547,25418328.98684087,5402.51091952932,563.949436165266,0.15970003549875753,0.0128317927434024,16081.103845770445,2264.7594233794703,120801252.08942759,17012872.788426578,12270072.007559791,2582745.776040439,45072.0,0.0,low=0.900;mid=0.900;high=0.900,low=10330;mid=17658.3;high=33593.7|low=10834.3;mid=22346.6;high=32538.2|low=12770.8;mid=25032;high=32873.7|low=15152.8;mid=22429.4;high=18928.3|low=16801.5;mid=25562.5;high=26263,17184346.304393917
late_period,10.0,PatchTST,global,applicable,5,,244273523.5140962,17033146.4854053,5419.6291159499515,377.90971080505193,0.09968051118210862,0.012738622770181212,19230.76640735694,2078.224752324662,144461517.25206533,15611624.339462852,9981200.626203086,1232764.8239926752,45072.0,0.0,all=0.900,all=16397|all=18717.1|all=18753.4|all=20295|all=21991.4,17955897.653464645
late_period,10.0,PatchTST,physical-bin,applicable,5,,245333465.17045388,17268955.792884454,5443.1457483682525,383.14154670048947,0.12109513667021654,0.020785952503582714,18130.148356014783,2076.9151515327094,136193674.45038304,15601786.618313717,10913979.072007086,1250827.4058642606,45072.0,0.0,low=0.900;mid=0.900;high=0.900,low=14319.3;mid=16397;high=25596|low=16359.7;mid=18753.4;high=28480.7|low=17630.4;mid=18717.1;high=24550.8|low=19219.9;mid=20295;high=25435.2|low=19391.6;mid=21991.4;high=33252.4,19015839.30982232
late_period,10.0,Boundary-forced router,physical-bin,applicable,5,,247281986.9652856,32494804.539914303,5486.377062595084,720.9532423658657,0.1143237486687966,0.022631389974681563,18614.561494935624,2579.4432833037176,139832585.94995642,19376777.944177523,10744940.101532921,2054382.0388273755,45072.0,0.0,low=0.900;mid=0.900;high=0.900,low=13715.9;mid=18310.1;high=35426|low=16416.6;mid=18619.3;high=25982.9|low=17029.6;mid=20453.8;high=33185.6|low=19785.7;mid=24165.3;high=37019.6|low=20825.2;mid=21884.6;high=27762.6,20964361.104654044
late_period,10.0,Physics-Aligned MoE,global,applicable,5,,247324957.1492272,34268229.99635472,5487.330430183421,760.2997425531311,0.07367323393681222,0.013212204068970324,21773.109569807053,3666.253432039373,163559599.0883906,27540895.781479772,8376535.806083659,835807.1978848426,45072.0,0.0,all=0.900,all=18530.1|all=19108.7|all=20044.8|all=24174.9|all=27007,21007331.288595647
late_period,10.0,Boundary-forced router,global,applicable,5,,250021702.40761632,36813371.51853374,5547.162371485986,816.7680936841881,0.08668796592119275,0.019058339924698096,20686.607619858387,2424.4611288849674,155397796.4403762,18212552.000183865,9462390.596724015,2009963.6777606895,45072.0,0.0,all=0.900,all=18310.1|all=18619.3|all=20453.8|all=21884.6|all=24165.3,23704076.546984762
late_period,10.0,Graph WaveNet,gate-bin,not_applicable,5,,,0.0,,0.0,,0.0,,0.0,,0.0,,0.0,0.0,0.0,,,
late_period,10.0,PatchTST,gate-bin,not_applicable,5,,,0.0,,0.0,,0.0,,0.0,,0.0,,0.0,0.0,0.0,,,
low_ramp,10.0,Graph WaveNet,physical-bin,applicable,5,,10841748.16830101,1570165.3730594423,1938.1029975511278,280.6874102716199,0.0822309617447265,0.00648616466089622,7352.453811551137,852.1000209432012,6854937.770302842,794441.252859378,398681.03979981673,82717.77970952222,5594.0,0.0,low=0.900;mid=0.900;high=0.500|low=0.900;mid=0.900;high=0.900,low=6809.18;mid=6714.94;high=0|low=6971.19;mid=6948.24;high=1019.4|low=7155;mid=7059.16;high=0|low=7882.47;mid=7868.84;high=4317.82|low=8675.81;mid=8667.98;high=7803.29,0.0
low_ramp,10.0,Graph WaveNet,global,applicable,5,,10882988.113022625,1548161.6715441127,1945.4751721527755,276.7539634508604,0.08169467286378262,0.0066875029924954865,7451.833873834616,806.8001808860433,6947593.115038472,752206.7019794208,393539.49979841535,83291.91464821133,5594.0,0.0,all=0.900,all=6714.94|all=6948.24|all=7059.16|all=7868.84|all=8667.98,41239.94472161494
low_ramp,10.0,Physics-Aligned MoE,physical-bin,applicable,5,,11559045.275590155,1009135.983006398,2066.3291518752512,180.39613568223058,0.0793350017876296,0.004651960438133476,8131.9764511614485,974.2712182005973,7581712.711299524,908345.5324356904,397733.25642906304,25201.43653729048,5594.0,0.0,low=0.900;mid=0.900;high=0.500|low=0.900;mid=0.900;high=0.900,low=6810.17;mid=6826.65;high=8229.93|low=7790;mid=7758.67;high=6630.77|low=8062.83;mid=7888.86;high=225.806|low=9347.54;mid=9253.94;high=0|low=9386.71;mid=9205.66;high=1758.15,717297.1072891448
low_ramp,10.0,Physics-Aligned MoE,gate-bin,applicable,5,,11620139.16436273,1205983.3797854674,2077.250476289369,215.58515906068416,0.07836968180193064,0.006460988996218646,8348.235768899805,1013.7941010856811,7783338.481870918,945194.0335788828,383680.0682491812,53394.13008548312,5594.0,0.0,low=0.900;mid=0.900;high=0.900,low=10243.9;mid=9025.61;high=9094.41|low=10924.1;mid=5672.69;high=8180.25|low=6343.23;mid=6032.23;high=7665.36|low=8094.99;mid=9768.9;high=9167.94|low=8175.18;mid=5426.39;high=9466.66,778390.99606172
low_ramp,10.0,Physics-Aligned MoE,global,applicable,5,,11647294.598539287,1108890.9510910716,2082.1048620913994,198.22862908313746,0.08047908473364318,0.0043040686344278205,8186.757036296137,1036.6934935541474,7632786.476840098,966543.9004903163,401450.8121699189,25781.91446149098,5594.0,0.0,all=0.900,all=6826.65|all=7758.67|all=7888.86|all=9205.66|all=9253.94,805546.4302382767
low_ramp,10.0,Boundary-forced router,gate-bin,applicable,5,,11665381.203084173,2073759.0983663553,2085.3380770618824,370.7113154033528,0.08316052913836253,0.008064567568035287,8024.060313897983,1445.1828707250322,7481098.899324218,1347392.163139305,418428.2303759952,78720.79752158953,5594.0,0.0,low=0.900;mid=0.900;high=0.900,low=13606.9;mid=5773.52;high=10503.6|low=6868.03;mid=7052.16;high=6875.86|low=7054.97;mid=3921;high=7731.28|low=7156.99;mid=5728.38;high=8866.02|low=7719.89;mid=8270.15;high=11122.1,823633.0347831622
low_ramp,10.0,Boundary-forced router,physical-bin,applicable,5,,11960671.190753447,2136694.459971239,2138.1249894089106,381.96182695231295,0.08920271719699677,0.009574254444598461,7789.40574768515,1401.2258002823012,7262322.625425121,1306409.5211298652,469834.85653283243,94537.86026305414,5594.0,0.0,low=0.900;mid=0.900;high=0.500|low=0.900;mid=0.900;high=0.900,low=6492.13;mid=6530.28;high=10097.7|low=6958.82;mid=6928.6;high=2369.01|low=7080.28;mid=7074.51;high=599.281|low=9359.62;mid=9357.24;high=8065.74|low=9607.77;mid=9566.86;high=0,1118923.0224524364
low_ramp,10.0,Boundary-forced router,global,applicable,5,,12004518.104324449,2205409.7842557933,2145.9631934795225,394.24558174039925,0.08809438684304612,0.00945873997350908,7891.499505501988,1449.3765544342152,7357508.03896302,1351302.0742508324,464701.0065361428,94069.25549753,5594.0,0.0,all=0.900,all=6530.28|all=6928.6|all=7074.51|all=9357.24|all=9566.86,1162769.9360234383
low_ramp,10.0,PatchTST,physical-bin,applicable,5,,12071131.170668926,1134619.2984835827,2157.871142414896,202.82790462702596,0.08909545942080802,0.005387560933209051,8142.698382709079,834.4957560788505,7591709.125479099,778028.2099175152,447942.2045189828,53082.396429285254,5594.0,0.0,low=0.900;mid=0.900;high=0.900,low=7356.65;mid=7351.71;high=4956.03|low=7620.61;mid=7632.8;high=9820.67|low=8020.17;mid=7905.61;high=363.145|low=8734.63;mid=8623.15;high=3286.79|low=9505.39;mid=9494.07;high=5364.55,1229383.0023679156
low_ramp,10.0,PatchTST,global,applicable,5,,12134875.456484962,1135592.8753404547,2169.2662596505115,203.00194410805418,0.08895244905255631,0.004963047034003291,8201.46743265629,863.3714815281644,7646501.469713216,804950.011278092,448837.3986771746,49616.54120823585,5594.0,0.0,all=0.900,all=7351.71|all=7632.8|all=7905.61|all=8623.15|all=9494.07,1293127.2881839518
low_ramp,10.0,Graph WaveNet,gate-bin,not_applicable,5,,,0.0,,0.0,,0.0,,0.0,,0.0,,0.0,0.0,0.0,,,
low_ramp,10.0,PatchTST,gate-bin,not_applicable,5,,,0.0,,0.0,,0.0,,0.0,,0.0,,0.0,0.0,0.0,,,
mppt_to_pitch,10.0,PatchTST,physical-bin,applicable,5,,16895930.38139779,1161961.322432855,8585.330478352536,590.4275012362065,0.0886178861788618,0.017188772155913485,35452.51459956821,3818.5705325115855,11628424.788658371,1252491.1346638,526750.5592739419,158874.52262862664,1968.0,0.0,low=0.900;mid=0.900;high=0.900,low=36133.8;mid=29271;high=16973.6|low=37618.6;mid=36515.3;high=22604.3|low=38331.2;mid=33372;high=20819.1|low=41734.9;mid=29438.6;high=18907.8|low=44401.8;mid=43476.7;high=27997.6,0.0
mppt_to_pitch,10.0,PatchTST,global,applicable,5,,16952019.023947496,1240602.0252056802,8613.830804851368,630.3872079297155,0.10457317073170731,0.02055384608619899,30646.406721601503,4421.1648959011445,10052021.404685292,1450142.0858555755,689999.7619262201,199986.7331303693,1968.0,0.0,all=0.900,all=26676.7|all=28014.7|all=29377.4|all=31196.5|all=37966.9,56088.64254970476
mppt_to_pitch,10.0,Graph WaveNet,physical-bin,applicable,5,,17430599.185889535,1544880.4538339805,8857.011781447934,785.0002306066975,0.09806910569105691,0.009492653298917379,33033.00449533695,3296.943010832056,10834825.474470522,1081397.3075529146,659577.3711419012,121888.90737084406,1968.0,0.0,low=0.900;mid=0.900;high=0.900,low=34287;mid=25394.7;high=16779.3|low=34681.3;mid=28517.2;high=16437.5|low=36921.1;mid=32651.5;high=21854.3|low=38114.4;mid=36410.6;high=26456.9|low=41291.9;mid=34958.8;high=20933.6,534668.8044917434
mppt_to_pitch,10.0,Graph WaveNet,global,applicable,5,,17550291.18143604,1626397.37634008,8917.830884876037,826.4214310671139,0.1108739837398374,0.007767911376584543,28442.416982936877,3301.723411292223,9329112.770403294,1082965.278903849,822117.8411032744,109531.56829062884,1968.0,0.0,all=0.900,all=24247|all=26202.9|all=28415.8|all=31437.3|all=31909.1,654360.8000382483
mppt_to_pitch,10.0,Physics-Aligned MoE,physical-bin,applicable,5,,18426429.147847928,2747198.233205191,9363.022940979637,1395.9340615880033,0.09308943089430895,0.011848259906270222,37804.0844293855,8184.943363064947,12399739.692838442,2684661.423085303,602668.9455009486,118930.76976430755,1968.0,0.0,low=0.900;mid=0.900;high=0.900,low=33169;mid=27389.8;high=11186.1|low=37349.3;mid=27039.4;high=11296.7|low=46006.7;mid=36274.9;high=21595.4|low=47528;mid=42064.3;high=30230.5|low=54620.9;mid=44316.4;high=24911.4,1530498.766450137
mppt_to_pitch,10.0,Physics-Aligned MoE,global,applicable,5,,18593807.60225517,2917307.9433132634,9448.072968625593,1482.371922415276,0.11473577235772359,0.01773876218861961,31324.094939165137,7253.240238165947,10274303.140046164,2379062.79811843,831950.4462209005,185241.98810147305,1968.0,0.0,all=0.900,all=22257|all=25048.7|all=33808.1|all=37707|all=37799.7,1697877.220857378
mppt_to_pitch,10.0,Boundary-forced router,physical-bin,applicable,5,,19120183.46507428,2413715.298835311,9715.540378594655,1226.4813510342026,0.10487804878048781,0.01859922690126147,36911.00081275941,1755.178520899756,12106808.266585086,575698.5548551201,701337.5198489192,197913.73109207753,1968.0,0.0,low=0.900;mid=0.900;high=0.900,low=36459.9;mid=38422.5;high=23489.7|low=40625.8;mid=33063;high=16307.3|low=42919.8;mid=35077.3;high=25492.6|low=43956.6;mid=36471.4;high=20657.6|low=44409.2;mid=37226.8;high=15900.4,2224253.083676487
mppt_to_pitch,10.0,Physics-Aligned MoE,gate-bin,applicable,5,,19420577.181321006,3484588.794874738,9868.179462053358,1770.624387639603,0.09278455284552846,0.022640602359622786,38629.10672562859,8478.545885904901,12670347.006006176,2780963.050576808,675023.017531483,231047.41004935637,1968.0,0.0,low=0.900;mid=0.900;high=0.900,low=36276.9;mid=24965.8;high=8912.71|low=36763.5;mid=29645.4;high=9649.96|low=45260.3;mid=49292.6;high=14972.8|low=46207.6;mid=30738.3;high=36886.4|low=68264.7;mid=25243.4;high=24911.4,2524646.799923215
mppt_to_pitch,10.0,Boundary-forced router,global,applicable,5,,19624163.253046304,2941821.0184202767,9971.627669230846,1494.8277532623354,0.12713414634146342,0.02941322727493445,31191.880591278117,2099.70159063272,10230936.83393922,688702.1217275322,939322.6419107083,272988.00887905515,1968.0,0.0,all=0.900,all=27566.2|all=31540.3|all=31568.8|all=32543|all=32741.1,2728232.871648513
mppt_to_pitch,10.0,Boundary-forced router,gate-bin,applicable,5,,20341402.096419953,2997038.58087239,10336.078301026397,1522.885457760361,0.11331300813008131,0.02628314818116683,36654.69353822178,2789.7359774318616,12022739.48053674,915033.4005976509,831866.2615883208,291063.4467698517,1968.0,0.0,low=0.900;mid=0.900;high=0.900,low=31583.6;mid=22179.4;high=40584.7|low=42641.7;mid=43053.7;high=23665.2|low=45990.5;mid=32371.7;high=9632.27|low=47161;mid=32613.5;high=19279.4|low=53185.1;mid=29064.4;high=14389.1,3445471.7150221616
mppt_to_pitch,10.0,Graph WaveNet,gate-bin,not_applicable,5,,,0.0,,0.0,,0.0,,0.0,,0.0,,0.0,0.0,0.0,,,
mppt_to_pitch,10.0,PatchTST,gate-bin,not_applicable,5,,,0.0,,0.0,,0.0,,0.0,,0.0,,0.0,0.0,0.0,,,
non_boundary,10.0,Graph WaveNet,global,applicable,5,,366972070.77961767,65025814.27699343,4165.923904001836,738.1831361122664,0.1029572364313365,0.014072207787854996,15589.712114964123,1388.1640646241292,228880358.41584572,20380330.71477914,13809171.236377185,4612674.279308165,88089.0,0.0,all=0.900,all=14393.5|all=14471.1|all=15111.1|all=16317.6|all=17655.3,0.0
non_boundary,10.0,Graph WaveNet,physical-bin,applicable,5,,368939022.82796466,66380841.57301718,4188.25304893874,753.5656162859967,0.11482704991542644,0.012990459742832363,14809.710483123781,1444.9130307405342,217428764.45798174,21213490.660817146,15151025.83699829,4626970.770169969,88089.0,0.0,low=0.900;mid=0.900;high=0.900,low=13563.1;mid=14393.5;high=70354.5|low=13616.9;mid=14471.1;high=75317.3|low=14184.4;mid=15111.1;high=80272.4|low=15380.8;mid=16317.6;high=72732.6|low=16966.8;mid=17655.3;high=83852.3,1966952.0483469963
non_boundary,10.0,Boundary-forced router,gate-bin,applicable,5,,379777018.66726327,49856229.80472093,4311.287659835658,565.9756587623987,0.11619839026439172,0.008509405470909176,16795.811660896885,2262.658726080178,246587708.89945763,33219224.086946134,13318930.97678056,4463569.490657392,88089.0,0.0,low=0.900;mid=0.900;high=0.900,low=10955.8;mid=12770.8;high=20765.5|low=12761.6;mid=13608.7;high=22994.2|low=14985.1;mid=19565.8;high=25448.9|low=15574.3;mid=16430.7;high=20906.7|low=8820.94;mid=15795.6;high=23762.5,12804947.887645602
non_boundary,10.0,Physics-Aligned MoE,gate-bin,applicable,5,,391997558.8251072,47514594.85761927,4450.017128416797,539.3930554055474,0.10349532858813246,0.007522999681072403,17999.848888997425,2018.727061711648,264264781.4638157,29637941.356519554,12773277.736129146,2935076.7951473375,88089.0,0.0,low=0.900;mid=0.900;high=0.900,low=10465.9;mid=15683.5;high=28125.7|low=12324.3;mid=14986.4;high=21863.2|low=13152.7;mid=14696.4;high=24523.6|low=15444.8;mid=14905.1;high=25911.2|low=16471.6;mid=18276.9;high=28776.6,25025488.04548955
non_boundary,10.0,Boundary-forced router,global,applicable,5,,393487515.05396426,59495866.66688209,4466.931342777921,675.4063125575507,0.100126008922794,0.008183049718568262,17470.083492542726,2102.42195621203,256487030.79576597,30866707.950126912,13700048.42581982,4630987.28681961,88089.0,0.0,all=0.900,all=14909.2|all=16559.2|all=17345.6|all=17887.9|all=20648.6,26515444.27434659
non_boundary,10.0,Boundary-forced router,physical-bin,applicable,5,,395139914.94566536,60469242.588853665,4485.68964281199,686.4562270982036,0.11044057714357072,0.0071675380987421475,16710.842631972286,2280.266017582364,245340236.1013011,33477725.53713547,14979967.884436434,5011526.744531027,88089.0,0.0,low=0.900;mid=0.900;high=0.900,low=13875.8;mid=14909.2;high=100132|low=15756.2;mid=16559.2;high=90290.3|low=16092.3;mid=17345.6;high=114594|low=17367.6;mid=17887.9;high=51154.2|low=20099.9;mid=20648.6;high=59639.5,28167844.166047692
non_boundary,10.0,Physics-Aligned MoE,physical-bin,applicable,5,,397344189.77034163,51777368.49577297,4510.712912739861,587.7847233567527,0.09205916743293713,0.005837153027551204,17922.288900589272,1897.309424954216,263126084.49400145,27855348.322465308,13421810.527634019,3245879.094923853,88089.0,0.0,low=0.900;mid=0.900;high=0.900,low=15852.5;mid=16689.2;high=76741.1|low=17062.9;mid=17782.6;high=82939.9|low=17393.1;mid=18665.3;high=119387|low=17946.8;mid=19032.7;high=100397|low=20940.8;mid=21955.1;high=90803.5,30372118.990723968
non_boundary,10.0,PatchTST,global,applicable,5,,397951087.87439317,28034113.631618887,4517.602514211685,318.2476090274482,0.10252358410244185,0.007325489548019731,17665.24027375281,1696.4918944017743,259352225.07910186,24907045.747659635,13859886.27952913,1162406.7722488807,88089.0,0.0,all=0.900,all=15419.2|all=16711.9|all=18087.4|all=18180.8|all=19926.8,30979017.094775498
non_boundary,10.0,Physics-Aligned MoE,global,applicable,5,,397954290.47424567,51496330.99544338,4517.638870622277,584.5943420341176,0.0818104417123591,0.004517292016164231,18824.967012036443,1969.442333864482,276378753.18721306,28914367.624631386,12157553.728703264,2975967.4984214795,88089.0,0.0,all=0.900,all=16689.2|all=17782.6|all=18665.3|all=19032.7|all=21955.1,30982219.694628
non_boundary,10.0,PatchTST,physical-bin,applicable,5,,399663360.2555198,27826933.282179546,4537.040496038322,315.89566554484145,0.1122047020626866,0.0072361953451179776,16975.82511836949,1662.7692479674506,249230576.47534162,24411946.71403412,15043278.378017824,1154136.7499019976,88089.0,0.0,low=0.900;mid=0.900;high=0.900,low=14704.4;mid=15419.2;high=73771.1|low=15973.6;mid=16711.9;high=70132.2|low=17363.9;mid=18087.4;high=66445.9|low=17422.4;mid=18180.8;high=72991.8|low=19107.9;mid=19926.8;high=82769,32691289.47590214
non_boundary,10.0,Graph WaveNet,gate-bin,not_applicable,5,,,0.0,,0.0,,0.0,,0.0,,0.0,,0.0,0.0,0.0,,,
non_boundary,10.0,PatchTST,gate-bin,not_applicable,5,,,0.0,,0.0,,0.0,,0.0,,0.0,,0.0,0.0,0.0,,,
non_overlap,10.0,Graph WaveNet,global,applicable,5,,18666086.45962369,2888317.1944975,4522.918938605208,699.8587822867701,0.09697116549551733,0.012755558130447958,16318.543113238808,1248.007900633847,11224437.904722758,858421.4343193141,744164.8554900934,209004.57352459425,4127.0,0.0,all=0.900,all=14997.9|all=15838.2|all=15841.2|all=16611.4|all=18303.9,0.0
non_overlap,10.0,Graph WaveNet,physical-bin,applicable,5,,18776233.368824385,2858502.744310718,4549.608279337142,692.6345394501377,0.10138114853404409,0.011233473120634408,16371.805113182962,1296.5994147431077,11261073.283684347,891844.2974408004,751516.008514004,202603.25149118865,4127.0,0.0,low=0.900;mid=0.900;high=0.900,low=14635.2;mid=14997.9;high=19944.7|low=15056.7;mid=15838.2;high=24498.9|low=15083.9;mid=15841.2;high=28904.9|low=15950;mid=16611.4;high=26095.7|low=18113.8;mid=18303.9;high=22662.9,110146.90920069441
non_overlap,10.0,Boundary-forced router,gate-bin,applicable,5,,19607134.251169138,3087760.4798503714,4750.941180317213,748.185238635903,0.11228495275018173,0.013241349485255583,17444.383580026002,2078.8923657158894,11998828.505794551,1429931.4655515796,760830.5745374587,313261.79612773843,4127.0,0.0,low=0.900;mid=0.900;high=0.900,low=11567.6;mid=14019.8;high=30138.9|low=11785.8;mid=17189.3;high=27774.1|low=12995.2;mid=14831.7;high=29800.6|low=16317.1;mid=21158.8;high=26459.2|low=17225.1;mid=19105.9;high=19071.4,941047.791545447
non_overlap,10.0,PatchTST,global,applicable,5,,19824845.557610113,1579897.1482845587,4803.694101674367,382.8197597006442,0.093530409498425,0.005327994530481231,18222.604571649426,1957.4139347337727,12534114.844532862,1346374.5514410464,729073.0713077247,66887.78889495328,4127.0,0.0,all=0.900,all=15668|all=17095.4|all=18417.9|all=19125.1|all=20806.5,1158759.0979864225
non_overlap,10.0,PatchTST,physical-bin,applicable,5,,19959575.204766035,1605749.877209193,4836.340006000978,389.0840506928017,0.09827962200145385,0.006366261413853548,18262.029762199323,1710.103027126268,12561232.804766102,1176265.8654916848,739834.2399999934,58339.13951214644,4127.0,0.0,low=0.900;mid=0.900;high=0.900,low=15339.5;mid=15668;high=23092.2|low=16622.7;mid=17095.4;high=26411.2|low=18192.2;mid=18417.9;high=25724|low=18926.2;mid=19125.1;high=21276|low=19440.6;mid=20806.5;high=31982.7,1293488.7451423444
non_overlap,10.0,Physics-Aligned MoE,gate-bin,applicable,5,,20254245.899008207,2645095.8371097613,4907.740707295423,640.9246031281224,0.10264114368790889,0.008253737969174894,18564.12689148535,1579.0669392117884,12769025.28019334,1086134.8763545088,748522.0618814866,203187.56506602926,4127.0,0.0,low=0.900;mid=0.900;high=0.900,low=11826;mid=19153.7;high=30114.9|low=13107.3;mid=16532.8;high=32711.6|low=13847.9;mid=17241.3;high=23197.1|low=17033.3;mid=19835.6;high=36020.8|low=17118.3;mid=15582;high=26861.3,1588159.4393845163
non_overlap,10.0,Boundary-forced router,global,applicable,5,,20461636.384770673,3540335.160850691,4957.992824029725,857.8471434094238,0.0918342621759147,0.011874267452198542,18687.022850562927,1759.4033545349535,12853557.217378868,1210176.2740276256,760807.9167391805,332565.3637354962,4127.0,0.0,all=0.900,all=16976.8|all=17444.1|all=18446.5|all=19110.3|all=21457.4,1795549.925146982
non_overlap,10.0,Boundary-forced router,physical-bin,applicable,5,,20466532.06225384,3475065.572271149,4959.179079780431,842.031880850775,0.10002423067603586,0.007876647041364423,18271.629059214956,1849.9663120713058,12567835.521230021,1272468.4949863805,789869.6541023816,337261.4641893001,4127.0,0.0,low=0.900;mid=0.900;high=0.900,low=15038.7;mid=16976.8;high=36360.2|low=16456.2;mid=17444.1;high=25184.4|low=17308.6;mid=19110.3;high=31877.1|low=17761.9;mid=18446.5;high=23198.4|low=21189.6;mid=21457.4;high=22767.8,1800445.6026301496
non_overlap,10.0,Physics-Aligned MoE,global,applicable,5,,20992321.715231776,2983484.1739347116,5086.581467223596,722.9183847673157,0.08107584201599224,0.005678979887905655,19474.013197882177,2030.547621187703,13394875.411276622,1396678.3387736082,759744.6303955157,177282.11644415837,4127.0,0.0,all=0.900,all=17687.5|all=17739.4|all=19033|all=20394.9|all=22515.3,2326235.2556080855
non_overlap,10.0,Physics-Aligned MoE,physical-bin,applicable,5,,21012799.671235774,2907699.521077338,5091.54341440169,704.5552510485434,0.08776350860189,0.006768127073519144,19237.860739457014,1925.2421668552379,13232441.878623182,1324245.7371019276,778035.7792612592,182303.38840693838,4127.0,0.0,low=0.900;mid=0.900;high=0.900,low=16520.2;mid=17739.4;high=31070.7|low=17271.8;mid=17687.5;high=22910.1|low=18389.3;mid=19033;high=26570|low=18565.5;mid=20394.9;high=35902.8|low=21627.5;mid=22515.3;high=30587,2346713.211612083
non_overlap,10.0,Graph WaveNet,gate-bin,not_applicable,5,,,0.0,,0.0,,0.0,,0.0,,0.0,,0.0,0.0,0.0,,,
non_overlap,10.0,PatchTST,gate-bin,not_applicable,5,,,0.0,,0.0,,0.0,,0.0,,0.0,,0.0,0.0,0.0,,,
pitch_to_mppt,10.0,PatchTST,global,applicable,5,,21114425.121352896,939323.3580911256,10599.611004695229,471.5478705276731,0.08473895582329317,0.02323760422723846,49667.32927983345,3154.3584576948315,16489553.320904706,1047247.0079546833,462487.18004481884,152711.76569582467,1992.0,0.0,all=0.900,all=45590.7|all=47921.1|all=49809.6|all=51097.6|all=53917.7,0.0
pitch_to_mppt,10.0,Graph WaveNet,global,applicable,5,,21263732.81855357,1479986.8150385597,10674.56466794858,742.9652685936549,0.09819277108433735,0.018761941569153534,46670.21945935012,3987.814296657348,15494512.86050424,1323954.3464902395,576921.995804933,122099.90586785472,1992.0,0.0,all=0.900,all=40754.8|all=44482.9|all=48402.5|all=49335.2|all=50375.7,149307.69720067456
pitch_to_mppt,10.0,Graph WaveNet,physical-bin,applicable,5,,21592771.94720719,1576696.6806820123,10839.744953417267,791.514397932737,0.10471887550200802,0.018340820686555872,45809.97958571378,4078.549705615672,15208913.222456973,1354078.502264403,638385.8724750215,141262.03188695345,1992.0,0.0,low=0.900;mid=0.900;high=0.900,low=40325.1;mid=37573.9;high=44459.4|low=42606.2;mid=40837.3;high=52050.3|low=46526.4;mid=46121.3;high=53515.4|low=47517.8;mid=46256.1;high=52764.6|low=50450.2;mid=48949.8;high=52746.1,478346.825854294
pitch_to_mppt,10.0,PatchTST,physical-bin,applicable,5,,21619119.15780974,1356738.1656664761,10852.971464763928,681.0934566598776,0.09708835341365461,0.022811280332570606,48625.236042138764,3371.4456220005245,16143578.365990069,1119319.9465041736,547554.0791819675,198738.1507323558,1992.0,0.0,low=0.900;mid=0.900;high=0.900,low=46622.6;mid=36294.9;high=56281|low=49475.8;mid=39789.2;high=51558.2|low=51791.7;mid=46136.5;high=56199.6|low=52365.9;mid=42839.1;high=53023.4|low=53667.9;mid=48290.1;high=61554.8,504694.0364568457
pitch_to_mppt,10.0,Physics-Aligned MoE,global,applicable,5,,22027927.527848434,2831840.5021500955,11058.196550124714,1421.6066777861924,0.0755020080321285,0.012472651975650112,54926.60792961599,8093.122173377656,18235633.832632504,2686916.5615613805,379229.36952159245,53284.94583425207,1992.0,0.0,all=0.900,all=47218.1|all=48865.7|all=54691.7|all=56109.8|all=67747.8,913502.4064955376
pitch_to_mppt,10.0,Physics-Aligned MoE,gate-bin,applicable,5,,22302856.01738627,3218242.8894368755,11196.212860133668,1615.5837798377893,0.08795180722891567,0.017503458703801943,52469.70775027769,5854.278233530709,17419942.973092195,1943620.3735321946,488291.3044294076,152779.0445059224,1992.0,0.0,low=0.900;mid=0.900;high=0.900,low=48353.3;mid=54077.8;high=35963|low=48996.1;mid=41578.1;high=50178|low=55643.7;mid=37234.9;high=59475|low=56645.7;mid=53345.3;high=55826.1|low=79072.9;mid=40401.4;high=51870.1,1188430.8960333727
pitch_to_mppt,10.0,Physics-Aligned MoE,physical-bin,applicable,5,,22556905.94563057,2611564.9798837346,11323.747964673978,1311.0265963271763,0.0895582329317269,0.01262328120064319,54142.08279514134,7902.727426986491,17975171.487986922,2623705.505759514,458173.4457643641,57284.62918499788,1992.0,0.0,low=0.900;mid=0.900;high=0.900,low=47159.8;mid=44244.1;high=61465.7|low=48996.1;mid=36527.2;high=60869|low=55643.7;mid=50103.3;high=58358.1|low=57494.2;mid=51538.9;high=57871.7|low=68707;mid=59369;high=76470.3,1442480.824277673
pitch_to_mppt,10.0,Boundary-forced router,global,applicable,5,,22648302.409330703,2284970.7259722194,11369.62972355959,1147.0736576165757,0.08604417670682732,0.010352812707470002,53219.592873573325,6294.899664068551,17668904.83402634,2089906.6884707585,497939.7575304362,53275.259018065444,1992.0,0.0,all=0.900,all=46341.8|all=47571|all=54599.3|all=56030.4|all=61555.5,1533877.2879778072
pitch_to_mppt,10.0,Boundary-forced router,gate-bin,applicable,5,,23087063.080041375,2593546.7022030223,11589.89110443844,1301.9812762063364,0.09357429718875503,0.023795392539683876,53461.69121489018,4899.484974288282,17749281.48334354,1626629.0114637094,533778.1596697832,169507.58177515844,1992.0,0.0,low=0.900;mid=0.900;high=0.900,low=50990;mid=41851.8;high=43734.3|low=58228.6;mid=48585.5;high=28649.1|low=60517.1;mid=52623.1;high=51167.5|low=60910.2;mid=39114.8;high=68104.5|low=74661.2;mid=47051.7;high=57391.4,1972637.958688479
pitch_to_mppt,10.0,Boundary-forced router,physical-bin,applicable,5,,23214676.427679043,2409820.762403152,11653.954029959361,1209.7493787164417,0.10170682730923694,0.009199220140814887,52983.91333743652,6678.631900367583,17590659.228028923,2217305.790922036,562401.7199650125,65966.5019372306,1992.0,0.0,low=0.900;mid=0.900;high=0.900,low=48365.7;mid=40787.9;high=52091.4|low=50894;mid=41047.2;high=48477.2|low=56165.9;mid=47369.8;high=61380.8|low=57629.8;mid=47497.6;high=67596.5|low=67671.5;mid=53221.7;high=67494,2100251.306326147
pitch_to_mppt,10.0,Graph WaveNet,gate-bin,not_applicable,5,,,0.0,,0.0,,0.0,,0.0,,0.0,,0.0,0.0,0.0,,,
pitch_to_mppt,10.0,PatchTST,gate-bin,not_applicable,5,,,0.0,,0.0,,0.0,,0.0,,0.0,,0.0,0.0,0.0,,,
