seed,slice,rho,q_star,R_base_kwh,R_post_kwh,delta_R_kwh,U_base_kwh,U_post_kwh,delta_U_kwh,V_base_pct,V_post_pct,delta_V_pct,PSREI_base_kwh,PSREI_post_kwh,delta_PSREI_kwh,preferred_policy
201,Transition,2.0,0.5,147408.75,200227.875,52819.125,921912.75,893712.875,-28199.875,48.78663544642794,48.26749156838736,-0.5191438780405733,1991234.25,1987653.375,-3580.875,Posterior
201,Steady,2.0,0.5,219527.796875,252878.34375,33350.546875,1879091.0,1880608.375,1517.375,45.12771225646706,45.60704046393432,0.4793282074672547,3977710.0,4014095.0,36385.0,Baseline (Wspd-Bins)
201,Full,2.0,0.5,366936.5,453106.25,86169.75,2801004.0,2774321.0,-26683.0,46.45422567204476,46.571565789644474,0.11734011759971708,5968944.0,6001749.0,32805.0,Baseline (Wspd-Bins)
202,Transition,2.0,0.5,238585.109375,388193.375,149608.265625,877782.375,788979.375,-88803.0,49.044417234144625,46.63129327690776,-2.413123957236863,1994149.75,1966152.25,-27997.5,Posterior
202,Steady,2.0,0.5,355311.8125,393474.0,38162.1875,1222461.5,1250883.0,28421.5,36.21391802958233,36.79465042027758,0.5807323906952462,2800234.75,2895240.0,95005.25,Baseline (Wspd-Bins)
202,Full,2.0,0.5,593896.875,781667.375,187770.5,2100243.75,2039862.375,-60381.375,40.86551316831298,40.36084682182214,-0.5046663464908363,4794384.5,4861392.0,67007.5,Baseline (Wspd-Bins)
203,Transition,2.0,0.5,69753.625,103997.1484375,34243.5234375,1073841.25,1053524.375,-20316.875,53.195420076904895,52.63689287018539,-0.5585272067195035,2217436.0,2211046.0,-6390.0,Posterior
203,Steady,2.0,0.5,103880.2734375,138605.875,34725.6015625,2604773.75,2587299.75,-17474.0,54.90934710366847,54.74115462305337,-0.1681924806151045,5313428.0,5313205.5,-222.5,Posterior
203,Full,2.0,0.5,173633.90625,242603.0,68969.09375,3678614.75,3640824.0,-37790.75,54.287976531976476,53.97827131008165,-0.3097052218948235,7530863.5,7524251.5,-6612.0,Posterior
204,Transition,2.0,0.5,278052.5625,354726.75,76674.1875,1016616.6875,973382.625,-43234.0625,52.480791676512496,51.24487121651522,-1.2359204599972742,2311286.0,2301492.0,-9794.0,Posterior
204,Steady,2.0,0.5,370009.625,423308.4375,53298.8125,2380107.75,2353986.5,-26121.25,51.98532286440347,52.13559653352446,0.15027366912099183,5130225.0,5131281.5,1056.5,Baseline (Wspd-Bins)
204,Full,2.0,0.5,648062.25,778035.1875,129972.9375,3396724.0,3327369.0,-69355.0,52.16495112991784,51.81267117508859,-0.3522799548292497,7441511.0,7432773.5,-8737.5,Posterior
205,Transition,2.0,0.5,176209.84375,198930.84375,22721.0,935855.75,919937.375,-15918.375,50.34120283846391,50.266732544234635,-0.07447029422927187,2047921.5,2038805.375,-9116.125,Posterior
205,Steady,2.0,0.5,256094.46875,286467.875,30373.40625,1817391.75,1816468.0,-923.75,46.05541799700267,46.75710236528312,0.7016843682804463,3890877.75,3919404.0,28526.25,Baseline (Wspd-Bins)
205,Full,2.0,0.5,432304.3125,485398.6875,53094.375,2753247.25,2736405.5,-16841.75,47.60919510390571,48.029490790617984,0.42029568671227224,5938799.0,5958209.5,19410.5,Baseline (Wspd-Bins)
201,Transition,5.0,0.8,2205445.5,2249711.0,44265.5,236567.671875,221292.9375,-15274.734375,19.56348950613306,18.188653304977336,-1.3748362011557234,3388283.75,3356175.5,-32108.25,Posterior
201,Steady,5.0,0.8,4475397.5,4077901.5,-397496.0,564381.375,661271.125,96889.75,17.676500293216915,19.297338242001693,1.6208379487847786,7297304.0,7384257.5,86953.5,Baseline (Wspd-Bins)
201,Full,5.0,0.8,6680843.0,6327613.0,-353230.0,800949.0,882564.0,81615.0,18.360613179995067,18.89539336197609,0.5347801819810236,10685588.0,10740433.0,54845.0,Baseline (Wspd-Bins)
202,Transition,5.0,0.8,2053266.75,2087572.375,34305.625,236661.09375,244856.234375,8195.140625,21.49828503505116,21.32141808625665,-0.1768669487945118,3236572.0,3311853.5,75281.5,Baseline (Wspd-Bins)
202,Steady,5.0,0.8,3221593.5,3375927.5,154334.0,497884.21875,454857.125,-43027.09375,16.37982993418909,16.596891900697205,0.2170619665081155,5711014.0,5650213.5,-60800.5,Posterior
202,Full,5.0,0.8,5274860.5,5463499.5,188639.0,734545.25,699713.375,-34831.875,18.235485001492712,18.309731182097842,0.07424618060512955,8947587.0,8962067.0,14480.0,Baseline (Wspd-Bins)
203,Transition,5.0,0.8,2422336.75,2576560.75,154224.0,243245.109375,220902.171875,-22342.9375,19.64368828453381,17.305750682047645,-2.3379376024861642,3638562.0,3681071.5,42509.5,Baseline (Wspd-Bins)
203,Steady,5.0,0.8,4946040.0,4836357.0,-109683.0,744884.875,808618.6875,63733.8125,22.510914185182774,22.548788036749855,0.03787385156708112,8670464.0,8879450.0,208986.0,Baseline (Wspd-Bins)
203,Full,5.0,0.8,7368377.0,7412917.5,44540.5,988130.0,1029520.875,41390.875,21.47142430653808,20.64796666709934,-0.8234576394387396,12309027.0,12560522.0,251495.0,Baseline (Wspd-Bins)
204,Transition,5.0,0.8,2557146.5,2619042.75,61896.25,232294.359375,223219.3125,-9075.046875,18.89540503963395,17.661632761200977,-1.2337722784329728,3718618.0,3735139.5,16521.5,Baseline (Wspd-Bins)
204,Steady,5.0,0.8,5230506.5,5000711.0,-229795.5,647919.125,736749.0,88829.875,19.926125627158402,20.998403596794162,1.0722779696357598,8470102.0,8684456.0,214354.0,Baseline (Wspd-Bins)
204,Full,5.0,0.8,7787652.0,7619754.0,-167898.0,880213.5,959968.375,79754.875,19.552446100128503,19.78868394750847,0.236237847379968,12188720.0,12419595.0,230875.0,Baseline (Wspd-Bins)
205,Transition,5.0,0.8,2301308.0,2357352.75,56044.75,217400.671875,208151.234375,-9249.4375,17.844944254688404,17.403134912962845,-0.4418093417255591,3388311.5,3398108.75,9797.25,Baseline (Wspd-Bins)
205,Steady,5.0,0.8,4285063.5,4218019.5,-67044.0,584616.375,614361.125,29744.75,17.85528116244217,18.442529484589823,0.5872483221476514,7208145.0,7289825.0,81680.0,Baseline (Wspd-Bins)
205,Full,5.0,0.8,6586371.0,6575372.0,-10999.0,802017.0,822512.375,20495.375,17.851533598992745,18.06570527381524,0.2141716748224951,10596456.0,10687934.0,91478.0,Baseline (Wspd-Bins)
201,Transition,10.0,0.9,3296985.0,3387244.0,90259.0,90411.4375,81500.6171875,-8910.8203125,8.54116989967992,6.8262049508424445,-1.7149649488374754,4201099.5,4202251.0,1151.5,Baseline (Wspd-Bins)
201,Steady,10.0,0.9,6898597.5,6234838.0,-663759.5,234911.171875,346386.28125,111475.109375,8.358311070567538,10.401462826611064,2.0431517560435264,9247708.0,9698701.0,450993.0,Baseline (Wspd-Bins)
201,Full,10.0,0.9,10195583.0,9622082.0,-573501.0,325322.59375,427886.875,102564.28125,8.424605080411729,9.105281603302137,0.6806765228904084,13448808.0,13900951.0,452143.0,Baseline (Wspd-Bins)
202,Transition,10.0,0.9,3178203.0,3239736.75,61533.75,78282.7421875,77892.8125,-389.9296875,9.695459460233579,9.470616456502903,-0.22484300373067612,3961030.5,4018664.75,57634.25,Baseline (Wspd-Bins)
202,Steady,10.0,0.9,5703903.0,5711197.0,7294.0,196277.5,185436.6875,-10840.8125,7.623639799309312,7.6953150452857235,0.07167524597641162,7666677.5,7565563.5,-101114.0,Posterior
202,Full,10.0,0.9,8882106.0,8950934.0,68828.0,274560.21875,263329.5,-11230.71875,8.374761490634857,8.338936410482729,-0.0358250801521276,11627708.0,11584230.0,-43478.0,Posterior
203,Transition,10.0,0.9,3532953.5,3899423.75,366470.25,95937.890625,86968.578125,-8969.3125,8.304153867084846,6.123749579314444,-2.1804042877704024,4492332.0,4769109.5,276777.5,Baseline (Wspd-Bins)
203,Steady,10.0,0.9,7481676.0,7380473.5,-101202.5,312094.21875,381145.34375,69051.125,11.08645012054473,11.4774060076888,0.39095588714406837,10602619.0,11191927.0,589308.0,Baseline (Wspd-Bins)
203,Full,10.0,0.9,11014630.0,11279898.0,265268.0,408032.125,468113.9375,60081.8125,10.077750808011318,9.536480575278098,-0.5412702327332202,15094951.0,15961038.0,866087.0,Baseline (Wspd-Bins)
204,Transition,10.0,0.9,3663544.0,3752816.0,89272.0,97343.1875,101854.109375,4510.921875,8.170966610097885,7.790022412694321,-0.3809441974035641,4636976.0,4771357.5,134381.5,Baseline (Wspd-Bins)
204,Steady,10.0,0.9,7676205.5,7306564.0,-369641.5,280407.75,379587.0625,99179.3125,9.845165178862318,11.412246693164787,1.567081514302469,10480283.0,11102434.0,622151.0,Baseline (Wspd-Bins)
204,Full,10.0,0.9,11339750.0,11059380.0,-280370.0,377750.9375,481441.1875,103690.25,9.23819784270713,10.099038174478524,0.860840331771394,15117259.0,15873792.0,756533.0,Baseline (Wspd-Bins)
205,Transition,10.0,0.9,3413414.75,3552086.0,138671.25,89174.2421875,84682.03125,-4492.2109375,7.0718137096947435,5.979105353984519,-1.0927083557102248,4305157.5,4398907.0,93749.5,Baseline (Wspd-Bins)
205,Steady,10.0,0.9,6775159.0,6431005.5,-344153.5,255255.984375,338689.5625,83433.578125,8.240209812992767,9.646022023848309,1.405812210855542,9327719.0,9817902.0,490183.0,Baseline (Wspd-Bins)
205,Full,10.0,0.9,10188574.0,9983092.0,-205482.0,344430.21875,423371.59375,78941.375,7.816617125945926,8.316610635895174,0.49999350994924807,13632875.0,14216808.0,583933.0,Baseline (Wspd-Bins)
201,Transition,15.0,0.9333333333333333,3825693.5,4038892.0,213198.5,54380.88671875,47194.3359375,-7186.55078125,5.204327869791555,3.784379855785411,-1.4199480140061445,4641407.0,4746807.5,105400.5,Baseline (Wspd-Bins)
201,Steady,15.0,0.9333333333333333,8120647.5,7472306.0,-648341.5,142559.640625,238493.46875,95933.828125,5.531618557372776,7.395582198475272,1.8639636411024956,10259042.0,11049708.0,790666.0,Baseline (Wspd-Bins)
201,Full,15.0,0.9333333333333333,11946340.0,11511199.0,-435141.0,196940.53125,285687.8125,88747.28125,5.412961929362288,6.086369595410236,0.6734076660479484,14900448.0,15796515.0,896067.0,Baseline (Wspd-Bins)
202,Transition,15.0,0.9333333333333333,3688969.75,3773923.5,84953.75,42681.76953125,41354.578125,-1327.19140625,5.7843368921541245,5.3790466370217604,-0.40529025513236405,4329196.0,4394242.0,65046.0,Baseline (Wspd-Bins)
202,Steady,15.0,0.9333333333333333,6988651.0,6821757.5,-166893.5,111009.046875,116251.7421875,5242.6953125,4.722828565843487,4.964732521013879,0.24190395517039143,8653787.0,8565534.0,-88253.0,Posterior
202,Full,15.0,0.9333333333333333,10677620.0,10595682.0,-81938.0,153690.8125,157606.328125,3915.515625,5.107669941978946,5.114938798821407,0.0072688568424608135,12982982.0,12959776.0,-23206.0,Posterior
203,Transition,15.0,0.9333333333333333,4125192.0,4741559.5,616367.5,57215.12109375,49938.5,-7276.62109375,5.024596678911301,3.253062948880439,-1.7715337300308622,4983419.0,5490637.0,507218.0,Baseline (Wspd-Bins)
203,Steady,15.0,0.9333333333333333,8824235.0,8910070.0,85835.0,186186.921875,236332.421875,50145.5,7.220466540691992,7.663957125171043,0.44349058447905154,11617038.0,12455056.0,838018.0,Baseline (Wspd-Bins)
203,Full,15.0,0.9333333333333333,12949427.0,13651628.0,702201.0,243402.046875,286270.9375,42868.890625,6.42437143858465,6.064822626912942,-0.3595488116717078,16600458.0,17945694.0,1345236.0,Baseline (Wspd-Bins)
204,Transition,15.0,0.9333333333333333,4211095.0,4351877.5,140782.5,63845.21875,70498.53125,6653.3125,5.057535462897324,4.976620623975139,-0.08091483892218498,5168774.0,5409355.5,240581.5,Baseline (Wspd-Bins)
204,Steady,15.0,0.9333333333333333,8974892.0,8542603.0,-432289.0,171789.171875,264541.5,92752.328125,6.433260572098781,8.329396624747508,1.8961360526487265,11551728.0,12510726.0,958998.0,Baseline (Wspd-Bins)
204,Full,15.0,0.9333333333333333,13185987.0,12894479.0,-291508.0,235634.375,335040.0,99405.625,5.934502407808829,7.113874430498046,1.1793720226892175,16720502.0,17920080.0,1199578.0,Baseline (Wspd-Bins)
205,Transition,15.0,0.9333333333333333,3992180.5,4277771.5,285591.0,57646.98046875,55655.9921875,-1990.98828125,4.094434061566884,3.1929138650798765,-0.9015201964870072,4856885.0,5112611.5,255726.5,Baseline (Wspd-Bins)
205,Steady,15.0,0.9333333333333333,8132015.0,7749641.5,-382373.5,157562.78125,243040.671875,85477.890625,5.29256532221281,6.899556916661237,1.6069915944484272,10495456.0,11395251.0,899795.0,Baseline (Wspd-Bins)
205,Full,15.0,0.9333333333333333,12124195.0,12027414.0,-96781.0,215209.75,298696.625,83486.875,4.858192391064498,5.555743045910619,0.697550654846121,15352342.0,16507864.0,1155522.0,Baseline (Wspd-Bins)
201,Transition,20.0,0.95,4218564.0,4583440.5,364876.5,37168.578125,30796.76953125,-6371.80859375,3.641883812019792,2.3515427523934322,-1.2903410596263596,4961936.0,5199375.5,237439.5,Baseline (Wspd-Bins)
201,Steady,20.0,0.95,9012182.0,8484826.0,-527356.0,97089.2734375,175749.546875,78660.2734375,4.0109630546686645,5.613474946243565,1.6025118915749008,10953968.0,11999818.0,1045850.0,Baseline (Wspd-Bins)
201,Full,20.0,0.95,13230744.0,13068267.0,-162477.0,134257.875,206546.3125,72288.4375,3.8771563193624172,4.430887449539855,0.5537311301774381,15915903.0,17199192.0,1283289.0,Baseline (Wspd-Bins)
202,Transition,20.0,0.95,4004832.75,4127965.5,123132.75,28803.328125,27567.75390625,-1235.57421875,3.8996655997364895,3.4664489842681503,-0.43321661546833923,4580899.0,4679320.5,98421.5,Baseline (Wspd-Bins)
202,Steady,20.0,0.95,7809541.5,7573560.0,-235981.5,74778.234375,84495.5234375,9717.2890625,3.337785886492474,3.57602463022089,0.23823874372841614,9305106.0,9263471.0,-41635.0,Posterior
202,Full,20.0,0.95,11814374.0,11701526.0,-112848.0,103581.5625,112063.2734375,8481.7109375,3.5414908944587946,3.5362988538570375,-0.005192040601757153,13886004.0,13942792.0,56788.0,Baseline (Wspd-Bins)
203,Transition,20.0,0.95,4565171.0,5400982.0,835811.0,38795.6640625,32511.51171875,-6284.15234375,3.507264433989961,2.158206411605909,-1.3490580223840518,5341084.5,6051212.0,710127.5,Baseline (Wspd-Bins)
203,Steady,20.0,0.95,9798387.0,10083516.0,285129.0,124994.1875,162319.65625,37325.46875,5.1589887274385875,5.6130677005277905,0.454078973089203,12298271.0,13329908.0,1031637.0,Baseline (Wspd-Bins)
203,Full,20.0,0.95,14363559.0,15484499.0,1120940.0,163789.84375,194831.171875,31041.328125,4.560169260523617,4.360535299386041,-0.19963396113757614,17639356.0,19381122.0,1741766.0,Baseline (Wspd-Bins)
204,Transition,20.0,0.95,4584173.0,4794684.0,210511.0,48887.76171875,55127.109375,6239.34765625,3.6998847142560494,3.747860769192212,0.04797605493616253,5561928.5,5897226.0,335297.5,Baseline (Wspd-Bins)
204,Steady,20.0,0.95,9836885.0,9457692.0,-379193.0,123292.75,202763.40625,79470.65625,4.830748680523881,6.621815338502639,1.7910666579787584,12302739.0,13512960.0,1210221.0,Baseline (Wspd-Bins)
204,Full,20.0,0.95,14421059.0,14252376.0,-168683.0,172180.5,257890.484375,85709.984375,4.420762970366429,5.5798860347087915,1.1591230643423627,17864668.0,19410188.0,1545520.0,Baseline (Wspd-Bins)
205,Transition,20.0,0.95,4405514.0,4901740.0,496226.0,43608.40234375,41394.56640625,-2213.8359375,2.809821486112006,2.0916127831124287,-0.7182087029995774,5277682.0,5729631.0,451949.0,Baseline (Wspd-Bins)
205,Steady,20.0,0.95,9108487.0,8859104.0,-249383.0,110184.546875,185285.671875,75101.125,3.8509154883690626,5.332882648074542,1.4819671597054795,11312179.0,12564816.0,1252637.0,Baseline (Wspd-Bins)
205,Full,20.0,0.95,13514002.0,13760843.0,246841.0,153792.953125,226680.21875,72887.265625,3.473475162575771,4.15778611388741,0.6843109513116392,16589860.0,18294448.0,1704588.0,Baseline (Wspd-Bins)
201,Transition,30.0,0.9666666666666667,4767589.0,5384960.0,617371.0,22305.09375,17492.12109375,-4812.97265625,2.156058230041603,1.1600180447251403,-0.9960401853164627,5436742.0,5909723.5,472981.5,Baseline (Wspd-Bins)
201,Steady,30.0,0.9666666666666667,10198864.0,9958784.0,-240080.0,57562.34375,111789.109375,54226.765625,2.5188147520688084,3.7173388935948397,1.1985241415260313,11925734.0,13312458.0,1386724.0,Baseline (Wspd-Bins)
201,Full,30.0,0.9666666666666667,14966452.0,15343743.0,377291.0,79867.4296875,129281.234375,49413.8046875,2.3873002686881013,2.7902026193844836,0.40290235069638225,17362476.0,19222180.0,1859704.0,Baseline (Wspd-Bins)
202,Transition,30.0,0.9666666666666667,4417157.0,4620359.5,203202.5,17712.822265625,17201.58203125,-511.240234375,2.1388727775271565,1.8825231108533296,-0.25634966667382697,4948541.5,5136407.0,187865.5,Baseline (Wspd-Bins)
202,Steady,30.0,0.9666666666666667,8875329.0,8636199.0,-239130.0,44151.03125,54240.421875,10089.390625,2.054147390369453,2.2386296996155597,0.18448230924610654,10199860.0,10263411.0,63551.0,Baseline (Wspd-Bins)
202,Full,30.0,0.9666666666666667,13292486.0,13256558.0,-35928.0,61863.85546875,71442.0,9578.14453125,2.084863903635726,2.1095260964940747,0.024662192858348586,15148400.0,15399819.0,251419.0,Baseline (Wspd-Bins)
203,Transition,30.0,0.9666666666666667,5163960.0,6330937.5,1166977.5,23169.63671875,17427.056640625,-5742.580078125,2.1990218613277195,1.2287598547829264,-0.9702620065447931,5859049.0,6853749.0,994700.0,Baseline (Wspd-Bins)
203,Steady,30.0,0.9666666666666667,11070823.0,11772060.0,701237.0,71593.453125,90782.375,19188.921875,3.207060011728677,3.5006841728025018,0.29362416107382483,13218627.0,14495531.0,1276904.0,Baseline (Wspd-Bins)
203,Full,30.0,0.9666666666666667,16234782.0,18102998.0,1868216.0,94763.0859375,108209.4296875,13446.34375,2.841603821341883,2.67701613426617,-0.16458768707571325,19077676.0,21349280.0,2271604.0,Baseline (Wspd-Bins)
204,Transition,30.0,0.9666666666666667,5113717.0,5476163.5,362446.5,34477.2265625,38823.11328125,4345.88671875,2.479717585730346,2.47756940416604,-0.002148181564305851,6148033.5,6640857.0,492823.5,Baseline (Wspd-Bins)
204,Steady,30.0,0.9666666666666667,11025159.0,10794934.0,-230225.0,77510.171875,138213.921875,60703.75,3.2249788232227794,4.812829869029778,1.5878510458069983,13350464.0,14941351.0,1590887.0,Baseline (Wspd-Bins)
204,Full,30.0,0.9666666666666667,16138875.0,16271096.0,132221.0,111987.3984375,177037.046875,65049.6484375,2.954790306460197,3.9661998156825584,1.0114095092223616,19498500.0,21582208.0,2083708.0,Baseline (Wspd-Bins)
205,Transition,30.0,0.9666666666666667,5098438.0,5953120.0,854682.0,29296.1796875,27035.59375,-2260.5859375,1.62044496000802,1.1793516788038925,-0.4410932812041275,5977323.5,6764188.0,786864.5,Baseline (Wspd-Bins)
205,Steady,30.0,0.9666666666666667,10605824.0,10721376.0,115552.0,63508.71875,115263.484375,51754.765625,2.2944223626767446,3.4485567211832935,1.1541343585065489,12511086.0,14179280.0,1668194.0,Baseline (Wspd-Bins)
205,Full,30.0,0.9666666666666667,15704263.0,16674496.0,970233.0,92804.8984375,142299.09375,49494.1953125,2.050077231603951,2.6258745343388585,0.5757973027349075,18488408.0,20943470.0,2455062.0,Baseline (Wspd-Bins)
201,Transition,40.0,0.975,5169762.0,5971645.5,801883.5,15546.0146484375,12051.2802734375,-3494.734375,1.475800734678095,0.7511474869856001,-0.724653247692495,5791603.0,6453697.0,662094.0,Baseline (Wspd-Bins)
201,Steady,40.0,0.975,11039888.0,10991134.0,-48754.0,39494.64453125,80211.09375,40716.44921875,1.7800710236528312,2.7741578158597773,0.9940867922069461,12619672.0,14199578.0,1579906.0,Baseline (Wspd-Bins)
201,Full,40.0,0.975,16209648.0,16962780.0,753132.0,55040.65625,92262.375,37221.71875,1.669760257525214,2.040731558520788,0.37097130099557396,18411276.0,20653274.0,2241998.0,Baseline (Wspd-Bins)
202,Transition,40.0,0.975,4727671.5,4979893.0,252221.5,12862.2890625,12795.5390625,-66.75,1.4686401294637421,1.2437971257330669,-0.22484300373067523,5242163.5,5491715.0,249551.5,Baseline (Wspd-Bins)
202,Steady,40.0,0.975,9616811.0,9444746.0,-172065.0,30588.021484375,38959.09765625,8371.076171875,1.4583469081905258,1.6016974001433506,0.1433504919528248,10840332.0,11003110.0,162778.0,Baseline (Wspd-Bins)
202,Full,40.0,0.975,14344483.0,14424640.0,80157.0,43450.3125,51754.63671875,8304.32421875,1.4620786334549136,1.471943510598253,0.00986487714333939,16082495.0,16494824.0,412329.0,Baseline (Wspd-Bins)
203,Transition,40.0,0.975,5599767.0,6972502.0,1372735.0,16042.6484375,11211.61328125,-4831.03515625,1.549554968385928,0.8012717234860691,-0.7482832448998589,6241473.0,7420967.0,1179494.0,Baseline (Wspd-Bins)
203,Steady,40.0,0.975,11991751.0,12924912.0,933161.0,47343.73046875,59382.8984375,12039.16796875,2.215009448100606,2.436143871766469,0.221134423665863,13885499.0,15300227.0,1414728.0,Baseline (Wspd-Bins)
203,Full,40.0,0.975,17591518.0,19897414.0,2305896.0,63386.375,70594.515625,7208.140625,1.9737542347581158,1.8434340156540023,-0.1303202191041135,20126974.0,22721192.0,2594218.0,Baseline (Wspd-Bins)
204,Transition,40.0,0.975,5511110.0,6004809.5,493699.5,26928.234375,29834.943359375,2906.708984375,1.8481522058244364,1.8144973613169784,-0.03365484450745804,6588239.5,7198208.0,609968.5,Baseline (Wspd-Bins)
204,Steady,40.0,0.975,11854118.0,11819043.0,-35075.0,55893.34375,101156.4609375,45263.1171875,2.419039551703916,3.727927282204991,1.308887730501075,14089851.0,15865299.0,1775448.0,Baseline (Wspd-Bins)
204,Full,40.0,0.975,17365228.0,17823852.0,458624.0,82821.578125,130991.40625,48169.828125,2.212068898378785,3.034228527667086,0.8221596292883011,20678092.0,23063508.0,2385416.0,Baseline (Wspd-Bins)
205,Transition,40.0,0.975,5696929.5,6791657.0,1094727.5,22057.05859375,19254.220703125,-2802.837890625,1.0554732085955905,0.8148768733933393,-0.2405963352022512,6579211.5,7561825.5,982614.0,Baseline (Wspd-Bins)
205,Steady,40.0,0.975,11781254.0,12179107.0,397853.0,41165.06640625,75686.671875,34521.60546875,1.4954062683260572,2.3567309571903303,0.8613246888642732,13427855.0,15206574.0,1778719.0,Baseline (Wspd-Bins)
205,Full,40.0,0.975,17478182.0,18970764.0,1492582.0,63222.125,94940.8984375,31718.7734375,1.335912046832206,1.7977440583585365,0.46183201152633035,20007068.0,22768400.0,2761332.0,Baseline (Wspd-Bins)
201,Transition,50.0,0.98,5503771.0,6432231.0,928460.0,11640.8203125,9069.1533203125,-2571.6669921875,1.0547571480741553,0.5628235698481237,-0.4919335782260317,6085812.0,6885689.0,799877.0,Baseline (Wspd-Bins)
201,Steady,50.0,0.98,11705272.0,11806827.0,101555.0,29222.60546875,60884.79296875,31662.1875,1.3325079820160293,2.192610933732977,0.8601029517169476,13166403.0,14851067.0,1684664.0,Baseline (Wspd-Bins)
201,Full,50.0,0.98,17209044.0,18239060.0,1030016.0,40863.42578125,69953.953125,29090.52734375,1.2318116327669681,1.6017445256421907,0.3699328928752226,19252216.0,21736756.0,2484540.0,Baseline (Wspd-Bins)
202,Transition,50.0,0.98,4965045.5,5258385.0,293339.5,10223.87109375,10297.83984375,73.96875,1.096288658317401,0.930162617344418,-0.166126040972983,5476239.0,5773277.0,297038.0,Baseline (Wspd-Bins)
202,Steady,50.0,0.98,10218432.0,10076087.0,-142345.0,22452.15625,30499.046875,8046.890625,1.086531569687887,1.2848602332703458,0.19832866358245882,11341040.0,11601040.0,260000.0,Baseline (Wspd-Bins)
202,Full,50.0,0.98,15183478.0,15334472.0,150994.0,32676.02734375,40796.890625,8120.86328125,1.0900689243389883,1.1562674420113965,0.06619851767240825,16817280.0,17374316.0,557036.0,Baseline (Wspd-Bins)
203,Transition,50.0,0.98,5960157.5,7503092.0,1542934.5,11917.7734375,7674.26904296875,-4243.50439453125,1.1449807737749995,0.5621075093266883,-0.5828732644483112,6556046.0,7886805.5,1330759.5,Baseline (Wspd-Bins)
203,Steady,50.0,0.98,12728154.0,13860859.0,1132705.0,33698.6171875,41088.265625,7389.6484375,1.609435068743077,1.7682608978953542,0.15882582915227728,14413084.0,15915272.0,1502188.0,Baseline (Wspd-Bins)
203,Full,50.0,0.98,18688312.0,21363950.0,2675638.0,45616.390625,48762.53125,3146.140625,1.4410508690177957,1.3309796082605365,-0.11007126075725915,20969132.0,23802076.0,2832944.0,Baseline (Wspd-Bins)
204,Transition,50.0,0.98,5816589.5,6424444.0,607854.5,22595.71875,23954.2734375,1358.5546875,1.5137519423141643,1.4299728613062377,-0.08377908100792664,6946375.0,7622157.5,675782.5,Baseline (Wspd-Bins)
204,Steady,50.0,0.98,12502374.0,12610723.0,108349.0,43290.10546875,78430.6875,35140.58203125,1.9160910927217045,2.983074868052388,1.0669837753306834,14666878.0,16532258.0,1865380.0,Baseline (Wspd-Bins)
204,Full,50.0,0.98,18318964.0,19035168.0,716204.0,65885.828125,102384.9609375,36499.1328125,1.7702262431692217,2.420010124479173,0.6497838813099515,21613254.0,24154416.0,2541162.0,Baseline (Wspd-Bins)
205,Transition,50.0,0.98,6264923.0,7462821.0,1197898.0,17408.0,14522.5,-2885.5,0.759024152721388,0.6086514432199809,-0.15037270950140713,7135323.0,8188945.0,1053622.0,Baseline (Wspd-Bins)
205,Steady,50.0,0.98,12818079.0,13329728.0,511649.0,28104.75,52770.2734375,24665.5234375,1.0144490779956996,1.722242132012771,0.7077930540170714,14223318.0,15968243.0,1744925.0,Baseline (Wspd-Bins)
205,Full,50.0,0.98,19083004.0,20792548.0,1709544.0,45512.75,67292.7734375,21780.0234375,0.9218468088420452,1.3185187108163186,0.3966719019742734,21358640.0,24157184.0,2798544.0,Baseline (Wspd-Bins)
201,Transition,75.0,0.9866666666666667,6172741.5,7255537.5,1082796.0,6769.978515625,5329.1669921875,-1440.8115234375,0.5391935726407596,0.35659813967476534,-0.1825954329659943,6680489.5,7655225.5,974736.0,Baseline (Wspd-Bins)
201,Steady,75.0,0.9866666666666667,12941118.0,13263688.0,322570.0,16424.5390625,36175.9609375,19751.421875,0.7648074542255815,1.4062194565713169,0.6414120023457354,14172958.0,15976886.0,1803928.0,Baseline (Wspd-Bins)
201,Full,75.0,0.9866666666666667,19113860.0,20519228.0,1405368.0,23194.521484375,41505.125,18310.603515625,0.6830129411611998,1.0256876208771952,0.3426746797159954,20853448.0,23632112.0,2778664.0,Baseline (Wspd-Bins)
202,Transition,75.0,0.9866666666666667,5418907.5,5800022.0,381114.5,6855.2470703125,6961.2099609375,105.962890625,0.6652202244133675,0.5893178091412287,-0.07590241527213881,5933051.0,6322113.0,389062.0,Baseline (Wspd-Bins)
202,Steady,75.0,0.9866666666666667,11325103.0,11227748.0,-97355.0,12868.0966796875,19670.341796875,6802.2451171875,0.6243076822831823,0.8364827002019938,0.21217501791881144,12290210.0,12703024.0,412814.0,Baseline (Wspd-Bins)
202,Full,75.0,0.9866666666666667,16744010.0,17027772.0,283762.0,19723.34375,26631.55078125,6908.20703125,0.6391401980763489,0.7468750405628172,0.10773484248646825,18223260.0,19025136.0,801876.0,Baseline (Wspd-Bins)
203,Transition,75.0,0.9866666666666667,6661086.0,8454770.0,1793684.0,6556.74365234375,3600.28369140625,-2956.4599609375,0.6358617430345213,0.2943008743098967,-0.34156086872462454,7152841.5,8724792.0,1571950.5,Baseline (Wspd-Bins)
203,Steady,75.0,0.9866666666666667,14100200.0,15546559.0,1446359.0,17176.421875,20259.66796875,3083.24609375,0.848292825959471,0.9668013292500163,0.1185085032905453,15388432.0,17066032.0,1677600.0,Baseline (Wspd-Bins)
203,Full,75.0,0.9866666666666667,20761286.0,24001328.0,3240042.0,23733.16796875,23859.951171875,126.783203125,0.7712776313910775,0.7229916537947326,-0.0482859775963449,22541276.0,25790824.0,3249548.0,Baseline (Wspd-Bins)
204,Transition,75.0,0.9866666666666667,6393063.5,7165803.0,772739.5,16359.27734375,16267.765625,-91.51171875,1.044016240252626,0.943051706730253,-0.10096453352237311,7620009.5,8385885.5,765876.0,Baseline (Wspd-Bins)
204,Steady,75.0,0.9866666666666667,13716940.0,13983575.0,266635.0,26166.130859375,48294.96875,22128.837890625,1.174496644295302,1.97758519580374,0.803088551508438,15679400.0,17605696.0,1926296.0,Baseline (Wspd-Bins)
204,Full,75.0,0.9866666666666667,20110004.0,21149378.0,1039374.0,42525.40625,64562.73046875,22037.32421875,1.1271920146415544,1.602523331732454,0.4753313170908997,23299408.0,25991582.0,2692174.0,Baseline (Wspd-Bins)
205,Transition,75.0,0.9866666666666667,7441093.5,8637379.0,1196285.5,11003.181640625,8793.42578125,-2209.755859375,0.43250055494690415,0.36805510801772967,-0.06444544692917448,8266332.0,9296886.0,1030554.0,Baseline (Wspd-Bins)
205,Steady,75.0,0.9866666666666667,14844076.0,15361759.0,517683.0,13600.9091796875,26211.349609375,12610.4404296875,0.49398905323516,0.9627288720922657,0.46873981885710564,15864144.0,17327612.0,1463468.0,Baseline (Wspd-Bins)
205,Full,75.0,0.9866666666666667,22285172.0,23999142.0,1713970.0,24604.091796875,35004.78125,10400.689453125,0.47169688866966936,0.7471346425929051,0.2754377539232357,24130478.0,26624500.0,2494022.0,Baseline (Wspd-Bins)
201,Transition,100.0,0.99,6644393.5,7790030.0,1145636.5,4748.2890625,3720.002685546875,-1028.286376953125,0.3465732923746715,0.2577817877166978,-0.0887915046579737,7119223.0,8162030.0,1042807.0,Baseline (Wspd-Bins)
201,Steady,100.0,0.99,13799948.0,14219510.0,419562.0,10904.0517578125,25116.396484375,14212.3447265625,0.4915455789405095,1.0254447123216264,0.5338991333811169,14890352.0,16731150.0,1840798.0,Baseline (Wspd-Bins)
201,Full,100.0,0.99,20444342.0,22009542.0,1565200.0,15652.341796875,28836.40234375,13184.060546875,0.43898703287859714,0.7471346425929051,0.30814760971430794,22009576.0,24893180.0,2883604.0,Baseline (Wspd-Bins)
202,Transition,100.0,0.99,5763431.0,6217807.0,454376.0,5188.17578125,5230.4150390625,42.2392578125,0.4661553994543619,0.41817934451819866,-0.04797605493616325,6282248.0,6740848.0,458600.0,Baseline (Wspd-Bins)
202,Steady,100.0,0.99,12150918.0,12083619.0,-67299.0,8559.966796875,14023.25,5463.283203125,0.4056167329119698,0.6043526422102039,0.1987359092982341,13006914.0,13485944.0,479030.0,Baseline (Wspd-Bins)
202,Full,100.0,0.99,17914348.0,18301424.0,387076.0,13748.1435546875,19253.666015625,5505.5224609375,0.4275645435547306,0.5368569982217261,0.10929245466699544,19289164.0,20226792.0,937628.0,Baseline (Wspd-Bins)
203,Transition,100.0,0.99,7219409.0,9137340.0,1917931.0,3954.28662109375,2005.6259765625,-1948.66064453125,0.3744996527106471,0.17042240410159468,-0.20407724860905244,7614837.5,9337903.0,1723065.5,Baseline (Wspd-Bins)
203,Steady,100.0,0.99,15128547.0,16748236.0,1619689.0,10083.0166015625,11433.814453125,1350.7978515625,0.535120870528442,0.5815468821268001,0.04642601159835802,16136848.0,17891618.0,1754770.0,Baseline (Wspd-Bins)
203,Full,100.0,0.99,22347956.0,25885576.0,3537620.0,14037.302734375,13439.4404296875,-597.8623046875,0.4768889292714269,0.43249698212640025,-0.044391947145026645,23751686.0,27229520.0,3477834.0,Baseline (Wspd-Bins)
204,Transition,100.0,0.99,6783491.0,7659033.5,875542.5,13417.462890625,12518.375,-899.087890625,0.8206053575648214,0.7296656713425419,-0.09093968622227955,8125237.5,8910871.0,785633.5,Baseline (Wspd-Bins)
204,Steady,100.0,0.99,14543219.0,14899768.0,356549.0,18714.51171875,34378.93359375,15664.421875,0.848700071675246,1.4668990682218024,0.6181989965465564,16414670.0,18337662.0,1922992.0,Baseline (Wspd-Bins)
204,Full,100.0,0.99,21326710.0,22558804.0,1232094.0,32131.974609375,46897.30859375,14765.333984375,0.8385145571838372,1.1996209810360716,0.36110642385223446,24539908.0,27248534.0,2708626.0,Baseline (Wspd-Bins)
205,Transition,100.0,0.99,8303989.0,9424604.0,1120615.0,7673.451171875,6277.068359375,-1396.3828125,0.3036096610885552,0.26494239293105054,-0.03866726815750465,9071334.0,10052310.0,980976.0,Baseline (Wspd-Bins)
205,Steady,100.0,0.99,16314434.0,16728947.0,414513.0,8011.02099609375,15383.755859375,7372.73486328125,0.2895517039160748,0.6067961165048543,0.3172444125887795,17115536.0,18267322.0,1151786.0,Baseline (Wspd-Bins)
205,Full,100.0,0.99,24618422.0,26153550.0,1535128.0,15684.4716796875,21660.82421875,5976.3525390625,0.29464830414973847,0.4828597759634481,0.18821147181370962,26186870.0,28319632.0,2132762.0,Baseline (Wspd-Bins)
Mean,Transition,2.0,0.5,182001.978125,249215.1984375,67213.2203125,965201.7625,925907.325,-39294.4375,50.76969345449077,49.80945629524607,-0.9602371592446971,2112405.5,2101029.8,-11375.7,Posterior
Mean,Transition,5.0,0.8,2307900.7,2378047.925,70147.225,233233.78125,223684.378125,-9549.403125,19.489162424008075,18.376117949489092,-1.1130444745189862,3474069.45,3496469.75,22400.3,Baseline (Wspd-Bins)
Mean,Transition,10.0,0.9,3417020.05,3566261.3,149241.25,90229.9,86579.6296875,-3650.2703125,8.356712709358195,7.237939750667726,-1.1187729586904687,4319319.1,4432057.95,112738.85,Baseline (Wspd-Bins)
Mean,Transition,15.0,0.9333333333333333,3968626.15,4236804.8,268178.65,55153.9953125,52928.3875,-2225.6078125,5.033046193064237,4.117204786148525,-0.9158414069157125,4795936.2,5030730.7,234794.5,Baseline (Wspd-Bins)
Mean,Transition,20.0,0.95,4355650.95,4761762.4,406111.45,39452.746875,37479.5421875,-1973.2046875,3.5117040092228593,2.7631343401144264,-0.7485696691084331,5144706.0,5511353.0,366647.0,Baseline (Wspd-Bins)
Mean,Transition,30.0,0.9666666666666667,4912172.2,5553108.1,640935.9,25392.191796875,23595.893359375,-1796.2984375,2.118823082926969,1.585644418666266,-0.5331786642607033,5673937.9,6260984.9,587047.0,Baseline (Wspd-Bins)
Mean,Transition,40.0,0.975,5341048.0,6144101.4,803053.4,18687.2490234375,17029.5193359375,-1657.7296875,1.4795242493895586,1.0851181141830106,-0.39440613520654766,6088538.1,6825282.5,736744.4,Baseline (Wspd-Bins)
Mean,Transition,50.0,0.98,5702097.3,6616194.6,914097.3,14757.23671875,13103.60712890625,-1653.62958984375,1.1137605350404214,0.8187436002090898,-0.29501693483133196,6439959.0,7271374.8,831415.8,Baseline (Wspd-Bins)
Mean,Transition,75.0,0.9866666666666667,6417378.4,7462702.3,1045323.9,9508.88564453125,8190.37041015625,-1318.515234375,0.6633584670576357,0.5102647275747747,-0.15309373948286104,7130544.7,8076980.4,946435.7,Baseline (Wspd-Bins)
Mean,Transition,100.0,0.99,6942942.7,8045762.9,1102820.2,6996.33310546875,5950.297412109375,-1046.035693359375,0.4622886726386114,0.3681983201220167,-0.09409035251659473,7642576.0,8640792.4,998216.4,Baseline (Wspd-Bins)
Mean,Steady,2.0,0.5,260964.7953125,298946.90625,37982.1109375,1980765.15,1977849.125,-2916.025,46.858343650224796,47.20710888121457,0.3487652309897669,4222495.1,4254645.2,32150.1,Baseline (Wspd-Bins)
Mean,Steady,5.0,0.8,4431720.2,4301783.3,-129936.9,607937.19375,655171.4125,47234.21875,18.869730240437868,19.57679025216655,0.7070600117286773,7471405.8,7577640.4,106234.6,Baseline (Wspd-Bins)
Mean,Steady,10.0,0.9,6907108.2,6612815.6,-294292.6,255789.325,326248.9875,70459.6625,9.030755196455333,10.126490519319736,1.0957353228644036,9465001.3,9875305.5,410304.2,Baseline (Wspd-Bins)
Mean,Steady,15.0,0.9333333333333333,8208088.1,7899275.6,-308812.5,153821.5125,219731.9609375,65910.4484375,5.840147911643969,7.0506450772137885,1.2104971655698185,10515410.2,11195255.0,679844.8,Baseline (Wspd-Bins)
Mean,Steady,20.0,0.95,9113096.5,8891739.6,-221356.9,106067.7984375,162122.7609375,56054.9625,4.2378803674985335,5.351453052713885,1.1135726852153518,11234452.6,12134194.6,899742.0,Baseline (Wspd-Bins)
Mean,Steady,30.0,0.9666666666666667,10355199.8,10376670.6,21470.8,62865.14375,102057.8625,39192.71875,2.6598846680132926,3.5436078712451944,0.8837232032319019,12241154.2,13438406.2,1197252.0,Baseline (Wspd-Bins)
Mean,Steady,40.0,0.975,11256764.4,11471788.4,215024.0,42896.961328125,71079.24453125,28182.283203125,1.8735746399947875,2.5793314654329835,0.7057568254381964,12972641.8,14314957.6,1342315.8,Baseline (Wspd-Bins)
Mean,Steady,50.0,0.98,11994462.2,12336844.8,342382.6,31353.646875,52734.61328125,21380.96640625,1.3918029582328795,1.9902098129927672,0.5984068547598878,13562144.6,14973576.0,1411431.4,Baseline (Wspd-Bins)
Mean,Steady,75.0,0.9866666666666667,13385487.4,13876665.8,491178.4,17247.21953125,30122.4578125,12875.23828125,0.7811787319997393,1.2299635107838665,0.44878477878412715,14679028.8,16135850.0,1456821.2,Baseline (Wspd-Bins)
Mean,Steady,100.0,0.99,14387413.2,14936016.0,548602.8,11254.51357421875,20067.230078125,8812.71650390625,0.5141069915944484,0.8570078842770574,0.342900892682609,15512864.0,16942739.2,1429875.2,Baseline (Wspd-Bins)
Mean,Full,2.0,0.5,442966.76875,548162.1,105195.33125,2945966.75,2903756.375,-42210.375,48.27637232123155,48.15056917745097,-0.12580314378058405,6334900.4,6355675.1,20774.7,Baseline (Wspd-Bins)
Mean,Full,5.0,0.8,6739620.7,6679831.2,-59789.5,841170.95,878855.8,37684.85,19.09430043742942,19.141496086499394,0.04719564906997533,10945475.6,11074110.2,128634.6,Baseline (Wspd-Bins)
Mean,Full,10.0,0.9,10324128.6,10179077.2,-145051.4,346019.21875,412828.61875,66809.4,8.78638646954219,9.079269479887333,0.2928830103451405,13784320.2,14307363.8,523043.6,Baseline (Wspd-Bins)
Mean,Full,15.0,0.9333333333333333,12176713.8,12136080.4,-40633.4,208975.503125,272660.340625,63684.8375,5.547539621759842,5.98714969951065,0.43961007775080796,15311346.4,16225985.8,914639.4,Baseline (Wspd-Bins)
Mean,Full,20.0,0.95,13468747.6,13653502.2,184754.6,145520.546875,199602.2921875,54081.7453125,3.9746109214574057,4.413078750275828,0.43846782881842133,16379158.2,17645548.4,1266390.2,Baseline (Wspd-Bins)
Mean,Full,30.0,0.9666666666666667,15267371.6,15929778.2,662406.6,88257.33359375,125653.7609375,37396.42734375,2.4637271063459716,2.833763840033229,0.3700367336872573,17915092.0,19699391.4,1784299.4,Baseline (Wspd-Bins)
Mean,Full,40.0,0.975,16597811.8,17615890.0,1018078.2,61584.209375,88108.76640625,26524.55703125,1.730714814189847,2.0376163341597335,0.30690151996988624,19061181.0,21140239.6,2079058.6,Baseline (Wspd-Bins)
Mean,Full,50.0,0.98,17696560.4,18953039.6,1256479.2,46110.884375,65838.221875,19727.3375,1.2910008956270038,1.565504082241923,0.27450318661491935,20002104.4,22244949.6,2242845.2,Baseline (Wspd-Bins)
Mean,Full,75.0,0.9866666666666667,19802866.4,21339369.6,1536503.2,26756.10625,38312.827734375,11556.721484375,0.7384639347879701,0.9690424579120208,0.23057852312405083,21809574.0,24212830.8,2403256.8,Baseline (Wspd-Bins)
Mean,Full,100.0,0.99,21330355.6,22981779.2,1651423.6,18250.846875,26017.5283203125,7766.6814453125,0.49532067340766606,0.6797938759881101,0.18447320258044417,23155440.8,25583531.6,2428090.8,Baseline (Wspd-Bins)
