group,name,source,target,bytes,sha256
guard_status,strict_ablation_evidence_guard,artifacts\strict_ablation_evidence_guard_wtb_strictmask\strict_ablation_evidence_guard.json,artifacts\final_evidence_package\export\guards\strict_ablation_evidence_guard.json,2479,391d4cd6c4f43c0f313179d8065f4138a594f16aa73adab00576895f33d95400
guard_status,threshold_controls_evidence_guard,artifacts\strict_threshold_controls_evidence_guard_wtb_strictmask\threshold_controls_evidence_guard.json,artifacts\final_evidence_package\export\guards\threshold_controls_evidence_guard.json,6332,2a944aeb1726eaeb69486a8e54f1692ff3995adac88637b8e33bbbadb10e619b
guard_status,threshold_label_validity_guard,artifacts\threshold_label_validity_audit_wtb_strictmask\threshold_label_validity_guard.json,artifacts\final_evidence_package\export\guards\threshold_label_validity_guard.json,2376,1c0007ca6f3a06167e204650b40f3727841ad6d575899d0930e6985f8df49850
guard_status,reserve_decision_guard,artifacts\decision_reserve_wtb_operational_windows_guard\reserve_decision_guard.json,artifacts\final_evidence_package\export\guards\reserve_decision_guard.json,3177,765bf48cc5830a9caf81b7a0c9fb4b792a484c539e5569670642abdf5b3f1c39
guard_status,reviewer_stat_pack_guard,artifacts\strictmask_combined_reviewer_stats_guard\reviewer_stat_pack_guard.json,artifacts\final_evidence_package\export\guards\reviewer_stat_pack_guard.json,1875,b8c4ab3267a3273849184e9b8fa6ea40b0075ea2f228244037b81c9a6bb30a28
guard_status,boundary_negative_controls_guard,artifacts\boundary_negative_controls_wtb\boundary_negative_controls_guard.json,artifacts\final_evidence_package\export\guards\boundary_negative_controls_guard.json,1053,05a7783538db0854638f8988bd3d8eda6f37a72f170c5e479f270699f906bd8f
guard_status,mechanism_behavior_pack_guard,artifacts\mechanism_behavior_pack_wtb\mechanism_behavior_pack_guard.json,artifacts\final_evidence_package\export\guards\mechanism_behavior_pack_guard.json,568,7d7d8352c826a7650f36534fc10e2877a180ac0c615d5f7933c09c5e5950cd2e
guard_status,external_wind_guard,artifacts\external_wind_guard\external_wind_guard.json,artifacts\final_evidence_package\export\guards\external_wind_guard.json,1878,01b25b102923c6b72fd4be7dbfa63f22d3847a18678ec849e9eaf58449428428
guard_status,external_wind_recalibration_guard,artifacts\external_wind_portability_rescue\external_wind_recalibration_guard.json,artifacts\final_evidence_package\export\guards\external_wind_recalibration_guard.json,703,88440a77b8d83702c0bfa01dcf073f63008f05abe5efd57ffa408c32dd95b5a7
guard_status,evidence_freeze_guard,artifacts\final_evidence_freeze_guard\evidence_freeze_guard.json,artifacts\final_evidence_package\export\guards\evidence_freeze_guard.json,19750,c051795af650d1a5a8d4869bc1e82234d35bc984eed3fdfd94cba15e5a4d9f75
guard_status,external_wind_source_guard,artifacts\external_wind_source_guard\external_wind_source_guard.json,artifacts\final_evidence_package\export\guards\external_wind_source_guard.json,1280,06447903bfa98bd83822eff2e90e72d3bd128483506b58f4e0f69fbb3a83dc2b
