farm,seed,year_idx,calendar_year,n_steps,n_anchors,nmi_ground_truth,ari_ground_truth,relative_nmi,wasserstein_pitch,inverse_wasserstein_pitch,mean_wasserstein_all,inverse_wasserstein_all,total_variation_share,mean_p_pitch,idle_share,mppt_share,pitch_share,trans_share
kelmarsh,201,1,2016,52560,52525,0.2559726391879864,0.1949051567388174,1.0,0.0,1.0,0.0,1.0,0.0,0.0176143627613782,0.3891162938283357,0.6102839917499603,0.0005997144217039,0.0
kelmarsh,201,2,2017,52560,52560,0.262954731811416,0.2027817895934662,1.027276714595664,0.0036348464199393,0.9963783178384996,0.0254602081752805,0.9751719199123436,0.0770669722277159,0.0158554948866367,0.3126363521055302,0.6873509639776763,1.2683916793505836e-05,0.0
kelmarsh,201,3,2018,52560,52560,0.2733669775352339,0.1882562193707795,1.0679538969572178,0.0033126329069492,0.9966983043985488,0.0171991562215645,0.9830916530785851,0.0381527155052401,0.0202553607523441,0.3515474378488077,0.6484367072552004,1.5854895991882292e-05,0.0
kelmarsh,201,4,2019,52560,52560,0.278243770359975,0.2070045839376238,1.087005905172672,0.0038914845440289,0.9961236004050812,0.0153263064833599,0.9849050434471224,0.0399157799395374,0.0137574328109622,0.3498002283105023,0.6501997716894977,0.0,0.0
kelmarsh,201,5,2020,52560,52560,0.2857233115194347,0.1879162617616087,1.1162259858156145,0.0068556772657299,0.9931910030200678,0.0262371144130542,0.9744336722531612,0.0677252675092989,0.0199559964239597,0.3219653729071537,0.6780092592592593,2.536783358701167e-05,0.0
kelmarsh,201,6,2021,52560,52560,0.2990962559859562,0.1925555440468513,1.16846963384356,0.0034801552751125,0.996531914201972,0.0252799675579851,0.9753433517108532,0.0354175722295029,0.0151202091947197,0.4245338660578386,0.574908041603247,0.0005580923389142,0.0
kelmarsh,201,7,2022,52560,52560,0.3051287000622175,0.2361042797006276,1.1920363872879824,0.0028961917023635,0.9971121720011248,0.019484311235325,0.9808880715273436,0.0135459169258388,0.0156054785475134,0.3756341958396753,0.6238299086757991,0.0005358954845256,0.0
kelmarsh,201,8,2023,52560,52560,0.2808442053674451,0.2072903986747332,1.0971649401996948,0.0039154243818037,0.9960998463747932,0.0193016495286633,0.9810638494133817,0.0492574846579544,0.0149067202582955,0.3404585235920852,0.6595414764079147,0.0,0.0
kelmarsh,201,9,2024,52560,52560,0.2916458949670896,0.2142275190330168,1.1393635503086124,0.0035635520368434,0.9964491017737634,0.0181933354114362,0.9821317476959476,0.0208233141861127,0.0147561319172382,0.3687785388127854,0.631107305936073,0.0001141552511415,0.0
kelmarsh,202,1,2016,52560,52525,0.5524697339358009,0.6534210363506335,1.0,0.0,1.0,0.0,1.0,0.0,2.2039181203581396e-05,0.0654640647310804,0.0,0.0,0.9345359352689196
kelmarsh,202,2,2017,52560,52560,0.4858064034143467,0.5327598556859665,0.8793357781854513,1.7430191277295212e-05,0.9999825701125292,0.0055458034962143,0.9944847828145352,0.0115241392263015,3.0462870199698955e-05,0.076988203957382,0.0,0.0,0.923011796042618
kelmarsh,202,3,2018,52560,52560,0.4648129291585502,0.5111035976397731,0.841336458102813,2.9579977845826174e-05,0.9999704208971034,0.0096793125858242,0.9904134783538,0.0201999383130595,5.161915396456607e-05,0.08566400304414,0.0,0.0,0.91433599695586
kelmarsh,202,4,2019,52560,52560,0.4655897223259327,0.5206283347719373,0.8427424956097886,1.045294551469952e-05,0.9999895471637482,0.0089501321798498,0.9911292620969157,0.0185415161923087,2.2963871742831543e-05,0.0840055809233891,0.0,0.0,0.9159944190766108
kelmarsh,202,5,2020,52560,52560,0.4300456931584749,0.4266363101017383,0.7784058867710713,4.863413788232488e-05,0.999951368227282,0.0115731615348268,0.9885592441803543,0.0239131549543584,7.06733189872466e-05,0.0893677067478437,0.0,9.512937595129377e-06,0.9106227803145612
kelmarsh,202,6,2021,52560,52560,0.4903310273123231,0.5286569785404508,0.8875255913463332,0.0001662751655452,0.9998337524772892,0.0328696678599588,0.9681763644700084,0.0670606689066668,0.000188314312254,0.1325247336377473,0.0,0.0,0.8674752663622527
kelmarsh,202,7,2022,52560,52560,0.5121739393449987,0.5689097094406154,0.9270624395951348,0.0001235687847066,0.9998764464826512,0.0281133785865529,0.9726553713120596,0.057417721164404,0.0001456079771742,0.1228817858954845,0.0,0.0,0.8771182141045155
kelmarsh,202,8,2023,52560,52560,0.4656305846714603,0.5047511008246414,0.8428164586579295,2.5758684467189703e-05,0.9999742419790256,0.015765018450678,0.984479659995848,0.0324335760603959,4.779351002071053e-05,0.0978976407914764,0.0,0.0,0.9021023592085236
kelmarsh,202,9,2024,52560,52560,0.4982229325629573,0.5483003324350366,0.9018103652730644,0.0001244654786292,0.9998755500110982,0.0211326370183706,0.9793047090531976,0.0433290605860174,0.0001465046516386,0.1087931253170979,0.0,0.0,0.891206874682902
kelmarsh,203,1,2016,52560,52525,0.2192798091524709,0.1219422500607864,1.0,0.0,1.0,0.0,1.0,0.0,0.0264674648642539,0.4506552435348246,0.5487862922417897,7.615421227986673e-05,0.0004823100111058
kelmarsh,203,2,2017,52560,52560,0.2284772627787957,0.1318182865321604,1.04194391477206,0.0035061565236105,0.9965060936589002,0.0253293591214589,0.97529636804396,0.0848860146928173,0.0283380784094333,0.3657914764079147,0.6332699137493658,5.39066463723998e-05,0.000884703196347
kelmarsh,203,3,2018,52560,52560,0.2428544102549401,0.1235129238552859,1.1075092193557918,0.0081581421643587,0.9919078745455108,0.0160143235587074,0.9842380927243076,0.0526818711270586,0.0345266945660114,0.3982337645865043,0.6014681633688483,1.2683916793505836e-05,0.0002853881278538
kelmarsh,203,4,2019,52560,52560,0.2427725113119881,0.1333710076050566,1.107135728776479,0.0031320557559645,0.9968777233884684,0.0145523033554676,0.9856564286460754,0.0483915362716553,0.0250145550817251,0.402822171486555,0.5971778285134449,0.0,0.0
kelmarsh,203,5,2020,52560,52560,0.2581973705755081,0.1286541687335762,1.1774790007956308,0.0095961956157995,0.9904950160693244,0.0293308163772341,0.9715049662260526,0.0836559959367998,0.0356779135763645,0.3673959918822932,0.6324422881785895,6.024860476915272e-05,0.000101471334348
kelmarsh,203,6,2021,52560,52560,0.2706541801461385,0.1322708769702317,1.2342868282868014,0.0038831405983338,0.9961318798560364,0.0192223379001262,0.981140191707602,0.0135697184375732,0.0251002162694931,0.4640823186199898,0.5354388635210553,0.0002187975646879,0.0002600202942668
kelmarsh,203,7,2022,52560,52560,0.2691907612239256,0.1627040951023184,1.2276130769374678,0.0024352452165548,0.9975706707957692,0.0193236973887662,0.9810426291096064,0.0359989776799286,0.0285914558917284,0.414656265854896,0.5831081938102486,0.0001617199391171,0.0020738203957382
kelmarsh,203,8,2023,52560,52560,0.2497351730521557,0.1425588250287758,1.1388881357449026,0.0037313812440148,0.9962824902023184,0.0225971237188851,0.9779022224933452,0.0688662277826195,0.0262516383081674,0.3818334601725012,0.6163083460172502,3.1709791983764585e-05,0.0018264840182648
kelmarsh,203,9,2024,52560,52560,0.2598161588279296,0.1482768404770028,1.184861295858173,0.0030302420806342,0.996978912545699,0.0206563156844923,0.9797617323607708,0.0429342810712494,0.0257623363286256,0.4082794266869609,0.5917205733130391,0.0,0.0
penmanshiel,201,1,2016,52560,52525,,,,0.0,1.0,0.0,1.0,0.0,0.0707784742116928,0.5669749099068471,0.4330250900931529,0.0,0.0
penmanshiel,201,2,2017,52560,52560,0.2415097224167615,0.0477064040662208,,0.0241167109302487,0.976451208467888,0.0322189800902998,0.9687866812064612,0.0785956426748401,0.0944847464561462,0.488379267232007,0.511620732767993,0.0,0.0
penmanshiel,201,3,2018,52560,52560,0.2643423444462465,0.0820635255926955,,0.0168478781000594,0.9834312698458504,0.0248943082060183,0.9757103654428586,0.0365199196915828,0.0854572206735611,0.5304549902152642,0.4695450097847358,0.0,0.0
penmanshiel,201,4,2019,52560,52560,0.2704203347770299,0.0924998063036727,,0.0225747876197083,0.9779235828097652,0.0289465732002478,0.9718677587795276,0.062632933390213,0.0922134816646575,0.504341976516634,0.4956580234833659,0.0,0.0
penmanshiel,201,5,2020,52560,52560,0.2754274404310698,0.0956752125222539,,0.0225628009303092,0.9779350462291586,0.0268992009451218,0.9738054125269892,0.0373923919681647,0.0908949077129364,0.5295825179386823,0.4704174820613176,0.0,0.0
penmanshiel,201,6,2021,52560,52560,0.2805539618408887,0.095908875674969,,0.0189098963442845,0.9814410514490725,0.0267060983876357,0.97398856554025,0.0286255404787104,0.0861633792519569,0.5383493694281366,0.4616506305718634,0.0,0.0
penmanshiel,201,7,2022,52560,52560,0.2275623086998106,0.052609704314814,,0.0135390851011149,0.986641773070089,0.0252259468564928,0.9753947440231692,0.014356629558254,0.082370638847351,0.5813315394651011,0.4186684605348988,0.0,0.0
penmanshiel,201,8,2023,52560,52560,0.266142489711159,0.0831987305367788,,0.012064473977148,0.9880793424852294,0.0530765644801174,0.9495985702556012,0.0956936049876952,0.0650033876299858,0.6626685148945423,0.3373314851054577,0.0,0.0
penmanshiel,201,9,2024,30854,30830,0.2624682489956155,0.0787724826035215,,0.031172248748947,0.9697700856605032,0.1158042097510522,0.8962145789207145,0.2537377540104876,0.039847195148468,0.8207126639173347,0.1792873360826653,0.0,0.0
penmanshiel,202,1,2016,52560,52525,,,,0.0,1.0,0.0,1.0,0.0,2.991964232886527e-19,0.0,0.0,0.0,1.0
penmanshiel,202,2,2017,52560,52560,0.0,0.0,,2.828061371283309e-12,0.999999999997172,1.362709965583331e-05,0.9999863730860395,0.0,2.828061352808109e-12,0.0,0.0,0.0,1.0
penmanshiel,202,3,2018,52560,52560,0.0,0.0,,2.6412938584061056e-12,0.9999999999973588,2.4332134928255848e-05,0.9999756684571102,0.0,2.641293650809673e-12,0.0,0.0,0.0,1.0
penmanshiel,202,4,2019,52560,52560,0.0,0.0,,2.7282005347694214e-12,0.9999999999972716,1.853752739448971e-05,0.9999814628162392,0.0,2.7282013453922005e-12,0.0,0.0,0.0,1.0
penmanshiel,202,5,2020,52560,52560,0.0,0.0,,2.6498513905786847e-12,0.99999999999735,2.8141532264549107e-05,0.999971859259659,0.0,2.6498519090784045e-12,0.0,0.0,0.0,1.0
penmanshiel,202,6,2021,52560,52560,1.2072334615693424e-05,2.0145177243575265e-06,,3.2835210623608373e-12,0.9999999999967164,3.940497422566238e-05,0.9999605965784653,2.174385736030404e-05,3.2835212413623305e-12,0.0,2.174385736029572e-05,0.0,0.9999782561426396
penmanshiel,202,7,2022,52560,52560,0.0,0.0,,2.234512357930684e-12,0.9999999999977656,1.728947925830168e-05,0.9999827108196626,0.0,2.23451248823614e-12,0.0,0.0,0.0,1.0
penmanshiel,202,8,2023,52560,52560,0.0,0.0,,5.7186364817528856e-12,0.9999999999942816,1.8244327113887264e-05,0.9999817560057356,0.0,5.718636501839125e-12,0.0,0.0,0.0,1.0
penmanshiel,202,9,2024,30854,30830,0.0,0.0,,2.5181256030260466e-12,0.9999999999974818,1.0253151684350784e-05,0.9999897469534416,0.0,2.5181256819301057e-12,0.0,0.0,0.0,1.0
penmanshiel,203,1,2016,52560,52525,,,,0.0,1.0,0.0,1.0,0.0,0.0215571448206901,0.4770517440674509,0.5229482559325491,0.0,0.0
penmanshiel,203,2,2017,52560,52560,0.2898244713531861,0.1351124874608125,,0.0249553856627101,0.9756522225144711,0.0391812029191055,0.9622960819450508,0.1108552883162006,0.0462714172899723,0.3661964557512502,0.6338035442487497,0.0,0.0
penmanshiel,203,3,2018,52560,52560,0.2577915827484949,0.0907626184887374,,0.0090681282662919,0.9910133637043198,0.0255188187515792,0.975116186768133,0.0318612135173312,0.0292033404111862,0.4451905305501196,0.5548094694498804,0.0,0.0
penmanshiel,203,4,2019,52560,52560,0.2471538126010384,0.0767159512257778,,0.0126575094604826,0.9875007005406732,0.0360133591075884,0.9652385186050014,0.0787953296295295,0.0332081317901611,0.3982564144379213,0.6017435855620787,0.0,0.0
penmanshiel,203,5,2020,52560,52560,0.244246419603759,0.0950858345924556,,0.0147536188735076,0.9854608856779582,0.0411799742231175,0.96044874542094,0.0685729986880205,0.0345815494656562,0.4084787453794303,0.5911353011524244,0.0,0.0003859534681452
penmanshiel,203,6,2021,52560,52560,0.2715914145160586,0.1131814749217271,,0.0109106423939321,0.9892071149156224,0.0285008020132591,0.972288984162706,0.0248406655721258,0.030742647126317,0.452211078495325,0.5477671776473146,0.0,2.174385736029572e-05
penmanshiel,203,7,2022,52560,52560,0.218788924899636,0.0730914114798623,,0.018688605689594,0.9816542507835916,0.0297178300941137,0.9711398314901494,0.0522759775964789,0.0387812778353691,0.4247757664709719,0.5752242335290281,0.0,0.0
penmanshiel,203,8,2023,52560,52560,0.2528175202119166,0.1015808243609243,,0.0119191357408822,0.9882212566993748,0.0292111754275089,0.971617899100857,0.0668260010945408,0.0325040034949779,0.5438777451619917,0.4561222548380083,0.0,0.0
penmanshiel,203,9,2024,30854,30830,0.2893275058414609,0.1558600749732884,,0.0100366933165124,0.990063040894528,0.0571698804606507,0.9459217657281916,0.2266946068894093,0.031283188611269,0.7037463509568602,0.2962536490431398,0.0,0.0
kelmarsh,204,1,2016,52560,52525,0.2689426197756836,0.2204364086438536,1.0,0.0,1.0,0.0,1.0,0.0,0.0349814482033252,0.3221577026812628,0.6777788354751706,6.34618435665556e-05,0.0
kelmarsh,204,2,2017,52560,52560,0.275175047720103,0.2265321500659554,1.023173820310138,0.0058605966287003,0.9941735498454328,0.0240828768280426,0.9764834688940056,0.0271361822823129,0.0365721173584461,0.2950849822425165,0.7049150177574836,0.0,0.0
kelmarsh,204,3,2018,52560,52560,0.2855872918927116,0.2129050338797424,1.061889306094031,0.0061873863121693,0.9938506620174926,0.0126553582960227,0.9875027982695735,0.0117653905233694,0.0410962998867034,0.3338121511922882,0.6660134449518011,0.0001744038559107,0.0
kelmarsh,204,4,2019,52560,52560,0.2925193507272232,0.2351735151781149,1.087664539637504,0.0051164235735617,0.994909620961748,0.0130743416388762,0.98709439070609,0.0093554885922023,0.0325053706765174,0.3315131912734652,0.6684868087265348,0.0,0.0
kelmarsh,204,5,2020,52560,52560,0.2955757995218267,0.2077695438568846,1.099029227008932,0.0102978294748583,0.9898071349116814,0.0231423059220671,0.9773811465051178,0.0152291553924093,0.0431628674268722,0.3069920091324201,0.6930079908675799,0.0,0.0
kelmarsh,204,6,2021,52560,52560,0.3108617841596069,0.2166870296205975,1.1558665726499089,0.0047850070390479,0.9952377802161392,0.0244456755302542,0.976137655598379,0.0833280490723293,0.0307164210826158,0.4054033485540335,0.5944507864028412,0.0001458650431253,0.0
kelmarsh,204,7,2022,52560,52560,0.318072958330147,0.261294314820768,1.182679631050822,0.0042100155481775,0.995807634376282,0.01906481733986,0.981291850120362,0.0338766707332475,0.0358124524354934,0.3560343734145104,0.6439656265854896,0.0,0.0
kelmarsh,204,8,2023,52560,52560,0.2933544185511765,0.2319788269716106,1.090769543316913,0.0049193281622751,0.9951047531633498,0.0170916904834295,0.983195526378447,0.001123584333618,0.0340262316167354,0.3230688736681887,0.6766552511415526,0.0002758751902587,0.0
kelmarsh,204,9,2024,52560,52560,0.304029318787139,0.2387395114110596,1.1304616540164594,0.0046329634847252,0.9953884018809664,0.0181990990003967,0.9821261882688136,0.0278010323295592,0.0330828204751014,0.3499048706240487,0.6499778031456114,0.0001173262303399,0.0
kelmarsh,205,1,2016,52560,52525,0.0004323722922048,0.0004803066165528,1.0,0.0,1.0,0.0,1.0,0.0,0.0013479888439178,0.0014215452958908,0.0,0.0013295256227193,0.9972489290813898
kelmarsh,205,2,2017,52560,52560,3.3092500864175385e-05,3.275727583078246e-05,0.0765370525835966,0.0003888550708822,0.9996112960786088,0.0011530162936327,0.9988483116218324,0.0017617254087166,0.0009591347188688,1.2683916793505836e-05,0.0,0.0009766615930999,0.9990106544901064
kelmarsh,205,3,2018,52560,52560,2.2983690111500877e-05,2.270888648520452e-05,0.053157176178648,0.0013399665761373,0.9986618265315834,0.0018016345725416,0.9982016054772058,0.0027447289602134,8.02299655333627e-06,6.341958396752917e-06,0.0,0.0,0.9999936580416032
kelmarsh,205,4,2019,52560,52560,3.156904667057697e-05,2.6258243712754213e-05,0.0730135747357689,0.0012936645483013,0.998708006857424,0.0017645578850739,0.9982385502948924,0.0027003352514361,5.432467150967568e-05,3.1709791983764582e-06,0.0,4.756468797564688e-05,0.999949264332826
kelmarsh,205,5,2020,52560,52560,0.0006089867683263,0.0007057966825138,1.408477784783265,0.0004907459373278,0.999509494776118,0.001209792947955,0.9987916688825096,0.0014287725928872,0.0008589865174144,0.000472475900558,0.0,0.0008498224251648,0.998677701674277
kelmarsh,205,6,2021,52560,52560,0.00066767253385,0.0005445645049174,1.5442074940677777,0.0036091064890704,0.9964038723186798,0.003667330887678,0.9963460692852936,0.0055886043731199,0.0049570952542126,0.0030251141552511,0.0,0.0053145611364789,0.99166032470827
kelmarsh,205,7,2022,52560,52560,0.0079014520345589,0.0080312193065416,18.274649363550825,0.0052206408413187,0.994806472699417,0.0041058174387703,0.9959109713663014,0.0069362705324299,0.0065686106681823,0.0030599949264332,0.0,0.0066273465246067,0.99031265854896
kelmarsh,205,8,2023,52560,52560,0.0024911562603677,0.0025097533061131,5.761600142470054,0.0008297247222265,0.9991709631501432,0.0010959344443033,0.9989052653131474,0.0010917634592596,0.0021776342764496,0.0003297818366311,0.0,0.0022545662100456,0.9974156519533232
kelmarsh,205,9,2024,52560,52560,0.0018439543577808,0.0018508333306127,4.264737567658713,0.0008593845239019,0.9991413533837116,0.001763678696523,0.9982394263896472,0.0020502845157689,0.0004892165889032,0.0001997716894977,0.0,0.0005010147133434,0.9992992135971588
penmanshiel,204,1,2016,52560,52525,,,,0.0,1.0,0.0,1.0,0.0,1.759878700149035e-17,0.0,0.0,0.0,1.0
penmanshiel,204,2,2017,52560,52560,0.0,0.0,,5.5238152330757746e-11,0.9999999999447616,0.0002225169379105,0.9997775325648618,0.0,5.5238168206184206e-11,0.0,0.0,0.0,1.0
penmanshiel,204,3,2018,52560,52560,0.0,0.0,,6.521297431006865e-11,0.999999999934787,0.000617313089278,0.9993830677510744,0.0,6.521300166539845e-11,0.0,0.0,0.0,1.0
penmanshiel,204,4,2019,52560,52560,0.0,0.0,,5.0359202058671494e-11,0.9999999999496408,0.0004314934654593,0.9995686926408476,0.0,5.035922373552992e-11,0.0,0.0,0.0,1.0
penmanshiel,204,5,2020,52560,52560,0.0,0.0,,6.471362199231823e-11,0.9999999999352864,0.0005654988216666,0.9994348207865128,0.0,6.471363722670985e-11,0.0,0.0,0.0,1.0
penmanshiel,204,6,2021,52560,52560,1.22696893781699e-05,4.182273050249001e-06,,7.617544184646318e-11,0.9999999999238244,0.0007161061226112,0.9992844063184054,2.0384866275295448e-05,7.617548258842533e-11,0.0,2.0384866275277236e-05,0.0,0.9999796151337248
penmanshiel,204,7,2022,52560,52560,0.0,0.0,,5.447503406327138e-11,0.9999999999455248,0.0004657600399558,0.9995344567914676,0.0,5.447504947131421e-11,0.0,0.0,0.0,1.0
penmanshiel,204,8,2023,52560,52560,0.0,0.0,,5.115262707790776e-11,0.9999999999488474,0.0004597684305441,0.9995404428593212,0.0,5.115265502841915e-11,0.0,0.0,0.0,1.0
penmanshiel,204,9,2024,30854,30830,0.0,0.0,,2.7889565296575263e-11,0.9999999999721104,0.000241201278296,0.9997588568857314,0.0,2.78895847388716e-11,0.0,0.0,0.0,1.0
penmanshiel,205,1,2016,52560,52525,,,,0.0,1.0,0.0,1.0,0.0,1.1571761784738303e-16,0.0,0.0,0.0,1.0
penmanshiel,205,2,2017,52560,52560,0.0,0.0,,1.2491178283064778e-10,0.999999999875088,1.3931936128023056e-05,0.999986068257968,0.0,1.2491190026775456e-10,0.0,0.0,0.0,1.0
penmanshiel,205,3,2018,52560,52560,0.0,0.0,,1.6139674963086458e-10,0.9999999998386032,2.869223592337616e-05,0.9999713085872974,0.0,1.6139684033689147e-10,0.0,0.0,0.0,1.0
penmanshiel,205,4,2019,52560,52560,0.0,0.0,,1.3662495650434283e-10,0.9999999998633752,1.9907041442077276e-05,0.9999800933548404,0.0,1.3662507236666954e-10,0.0,0.0,0.0,1.0
penmanshiel,205,5,2020,52560,52560,0.0008468536853793,0.0008130363727598,,1.707391752529311e-10,0.9999999998292608,0.0003450111202053,0.9996551078714142,0.0006360078277886,1.7073932545574874e-10,0.0,0.0006360078277886,0.0,0.9993639921722114
penmanshiel,205,6,2021,52560,52560,1.2072334615693424e-05,2.0145177243575265e-06,,2.0359736575851356e-10,0.9999999997964026,4.478977394689472e-05,0.9999552122320872,2.174385736030404e-05,2.0359749997034268e-10,0.0,2.174385736029572e-05,0.0,0.9999782561426396
penmanshiel,205,7,2022,52560,52560,0.0,0.0,,1.6101165205872315e-10,0.9999999998389884,2.283434825064492e-05,0.9999771661731448,0.0,1.6101177335858807e-10,0.0,0.0,0.0,1.0
penmanshiel,205,8,2023,52560,52560,0.0,0.0,,1.2623236212126969e-10,0.9999999998737676,1.998027993527826e-05,0.9999800201192685,0.0,1.2623246892218276e-10,0.0,0.0,0.0,1.0
penmanshiel,205,9,2024,30854,30830,0.0,0.0,,5.4217811605389455e-11,0.9999999999457824,7.874331094587114e-06,0.99999212573091,0.0,5.421793222715188e-11,0.0,0.0,0.0,1.0
