farm,seed,regime,lead_step,model,total_cost,mean_cost_per_event,violation_rate,total_shortage,total_reserve,pinball_loss,n_events
penmanshiel,204,clean,1,Global Quantile,747756.125,125.35726928710938,0.07175188600167645,11305.325520833332,634702.75,53.31583023071289,5965
penmanshiel,204,clean,1,Continuous Physical Quantile,744463.0,124.8051986694336,0.0757753562447611,12110.81640625,623354.9166666666,52.98460388183594,5965
penmanshiel,204,clean,1,Missingness-Aware GBDT,1472863.3832842908,246.91758311555589,0.49019279128248117,132452.6377481867,148337.0058024237,126.25202919013144,5965
penmanshiel,204,clean,1,Frozen Backbone MLP,906420.5,151.9564971923828,0.24476110645431684,52510.14583333333,381319.0,69.27537536621094,5965
penmanshiel,204,clean,1,Joint Routed,669872.125,112.3004379272461,0.1336127409891031,21604.580729166664,453826.25,45.48173904418945,5965
penmanshiel,204,delay6,1,Global Quantile,826740.875,138.8313751220703,0.11368597816960538,19310.208333333332,633638.6666666666,58.826385498046875,5955
penmanshiel,204,delay6,1,Continuous Physical Quantile,829307.375,139.26235961914062,0.11821998320738875,20696.325520833332,622344.1666666666,59.08498764038086,5955
penmanshiel,204,delay6,1,Missingness-Aware GBDT,1589668.9970430236,266.9469348518931,0.47926112510495383,141624.55770384823,173423.42000454158,135.69572435233798,5955
penmanshiel,204,delay6,1,Frozen Backbone MLP,1048422.5,176.05751037597656,0.2826196473551637,67289.69270833333,375525.5833333333,81.16207122802734,5955
penmanshiel,204,delay6,1,Joint Routed,850018.625,142.74032592773438,0.22921914357682618,41597.30208333333,434045.5,61.1717529296875,5955
penmanshiel,204,sensor_noise,1,Global Quantile,738515.25,122.49382019042969,0.05971139492453143,9700.25,641512.5833333333,53.3420295715332,6029
penmanshiel,204,sensor_noise,1,Continuous Physical Quantile,737170.8125,122.27082824707031,0.062696964670758,10067.126302083332,636499.5416666666,53.20823669433594,6029
penmanshiel,204,sensor_noise,1,Missingness-Aware GBDT,1341779.334371714,222.55421037845645,0.45463592635594624,119041.01856113711,151369.14876034315,113.37827318800096,6029
penmanshiel,204,sensor_noise,1,Frozen Backbone MLP,840526.625,139.4139404296875,0.21927351136175152,46279.713541666664,377729.4583333333,63.494102478027344,6029
penmanshiel,204,sensor_noise,1,Joint Routed,639142.8125,106.01141357421875,0.13186266379167358,20654.940104166664,432593.4166666666,43.45259475708008,6029
penmanshiel,204,markov_burst,1,Global Quantile,757080.5,126.94173431396484,0.07360831656606305,12248.408854166666,634596.3333333333,54.2197151184082,5964
penmanshiel,204,markov_burst,1,Continuous Physical Quantile,754330.875,126.48069763183594,0.07780013413816231,13055.579427083332,623775.0416666666,53.943092346191406,5964
penmanshiel,204,markov_burst,1,Missingness-Aware GBDT,1457723.2189337343,244.4203921753411,0.48373574782025486,130507.99843185337,152643.2346152006,124.70691459452293,5964
penmanshiel,204,markov_burst,1,Frozen Backbone MLP,909746.25,152.53961181640625,0.2431254191817572,52989.91145833333,379847.125,69.57843780517578,5964
penmanshiel,204,markov_burst,1,Joint Routed,686725.0,115.14503479003906,0.14336016096579476,23832.7109375,448397.9166666666,47.14170455932617,5964
