seed,regime,lead_step,model,mean_cost,ci_95,delta_vs_routed,delta_ci_95,p_val_vs_routed
203,clean,1,Global Quantile,751984.2007227745,"[191796.06918840407, 1465491.2709160803]",90.74329615783691,"[-2753.6122630119326, 3001.0431475639343]",0.486
203,clean,1,Continuous Physical Quantile,680652.5825978909,"[180622.83672242166, 1286487.0398237223]",-71240.87482872582,"[-183701.54877376556, 3459.1147627830483]",0.962
203,clean,1,Missingness-Aware GBDT,662933.5325976252,"[150372.41673857893, 1295450.04306836]",-88959.9248289915,"[-218768.07394820242, 6569.132504207917]",0.959
203,clean,1,Frozen Backbone MLP,938870.2763758736,"[213214.01258411407, 1900472.190706944]",186976.8189492569,"[12997.37832889557, 440463.8967579362]",0.004
203,clean,1,Joint Dense Head,741526.6900188065,"[196386.23891057968, 1432868.0414268493]",-10366.767407810212,"[-41209.0558391571, 8021.874139165878]",0.746
203,clean,1,Joint Routed,751893.4574266167,"[192146.30519742967, 1463371.802819824]",0.0,"[0.0, 0.0]",1.0
203,delay6,1,Global Quantile,806784.1152789192,"[251368.63809022904, 1550961.0979752538]",-3667.336280561447,"[-24465.197772073745, 9374.720953702927]",0.597
203,delay6,1,Continuous Physical Quantile,769384.5793054523,"[254538.03846459388, 1435859.7014874457]",-41066.87225402832,"[-132840.21673269273, 24302.00854859352]",0.853
203,delay6,1,Missingness-Aware GBDT,717162.1449971877,"[211595.03018462515, 1349825.6635486295]",-93289.30656229299,"[-211361.78843031215, -5611.543187677352]",0.981
203,delay6,1,Frozen Backbone MLP,985267.5029739809,"[269544.86363523005, 1970212.0112460135]",174816.05141450022,"[4777.009753894807, 437646.3007281064]",0.017
203,delay6,1,Joint Dense Head,811545.6438589878,"[261984.90887770653, 1557196.2531755923]",1094.1922995071411,"[-23734.98284897804, 26322.52100105285]",0.482
203,delay6,1,Joint Routed,810451.4515594806,"[261663.86324825286, 1565281.7183771133]",0.0,"[0.0, 0.0]",1.0
203,sensor_noise,1,Global Quantile,785189.8361101951,"[272130.02957553865, 1434039.780524349]",191.60909570693968,"[-5947.5764678478245, 8166.1081258296945]",0.503
203,sensor_noise,1,Continuous Physical Quantile,749551.458299509,"[266866.31872229575, 1339738.3567420482]",-35446.768714979175,"[-104774.43308954239, 10205.378682422635]",0.906
203,sensor_noise,1,Missingness-Aware GBDT,746585.1407472502,"[269843.2118282311, 1338627.4990211444]",-38413.08626723809,"[-110174.72821773624, 16617.47920027403]",0.898
203,sensor_noise,1,Frozen Backbone MLP,928698.8461257201,"[292289.4697538614, 1747016.1657457585]",143700.6191112318,"[14042.302889657021, 342174.06803560257]",0.001
203,sensor_noise,1,Joint Dense Head,777524.0423606415,"[274041.79217953683, 1401167.8678198813]",-7474.184653846741,"[-27429.581016016007, 4373.364351177215]",0.793
203,sensor_noise,1,Joint Routed,784998.2270144882,"[271214.2978919983, 1431152.2352880002]",0.0,"[0.0, 0.0]",1.0
203,markov_burst,1,Global Quantile,779992.2896596871,"[199099.4250390053, 1508789.547112751]",385.15394444274904,"[-2460.970455312729, 3435.1968956947326]",0.401
203,markov_burst,1,Continuous Physical Quantile,700494.3280912533,"[182590.4162016392, 1328642.2770226952]",-79112.80762399102,"[-200834.70417466163, 926.3100133418592]",0.972
203,markov_burst,1,Missingness-Aware GBDT,687534.6610725324,"[161071.86276166808, 1334329.5017031664]",-92072.47464271182,"[-219334.7060213207, -6124.128858402424]",0.994
203,markov_burst,1,Frozen Backbone MLP,961324.7535212231,"[217006.64718708993, 1937108.6212342733]",181717.61780597878,"[15589.87942428589, 431305.2006688356]",0.005
203,markov_burst,1,Joint Dense Head,766676.458539215,"[201814.4753469467, 1472447.989555931]",-12930.677176029205,"[-47312.10769782066, 7637.976149463652]",0.783
203,markov_burst,1,Joint Routed,779607.1357152443,"[196825.33172488213, 1508475.7562467575]",0.0,"[0.0, 0.0]",1.0
