subset,candidate,reference,metric,n_seed_pairs,observed_delta_candidate_minus_gate,ci_low,ci_high
boundary,Graph WaveNet/global_quantile,Boundary-forced router/gate_bin_quantile,total_cost,5,4220645.528905806,-5741980.0163802905,15613364.948803425
boundary,Graph WaveNet/global_quantile,Boundary-forced router/gate_bin_quantile,violation_rate,5,0.012117812061711081,-0.0038896680691912072,0.028461898083216454
boundary,Graph WaveNet/global_quantile,Boundary-forced router/gate_bin_quantile,reserve_energy,5,-2349663.9016220598,-10291158.266422369,4183020.128365293
boundary,Graph WaveNet/global_quantile,Boundary-forced router/gate_bin_quantile,shortage_energy,5,657030.9430527873,-154656.09781079684,1531768.9402710497
boundary,Graph WaveNet/physical_bin_quantile,Boundary-forced router/gate_bin_quantile,total_cost,5,-262864.2566763431,-10703763.283353377,9781852.845544994
boundary,Graph WaveNet/physical_bin_quantile,Boundary-forced router/gate_bin_quantile,violation_rate,5,0.0030107526881720443,-0.011388499298737722,0.01965404394576905
boundary,Graph WaveNet/physical_bin_quantile,Boundary-forced router/gate_bin_quantile,reserve_energy,5,-2319211.6719767214,-10300478.197838288,4686014.741691923
boundary,Graph WaveNet/physical_bin_quantile,Boundary-forced router/gate_bin_quantile,shortage_energy,5,205634.74153003842,-556517.7238372791,975637.2452576521
full,Graph WaveNet/global_quantile,Boundary-forced router/gate_bin_quantile,total_cost,5,-17283248.215662014,-87107999.71990606,50699214.97693167
full,Graph WaveNet/global_quantile,Boundary-forced router/gate_bin_quantile,violation_rate,5,-0.031245950761256885,-0.05236678004535147,-0.015067217363135729
full,Graph WaveNet/global_quantile,Boundary-forced router/gate_bin_quantile,reserve_energy,5,-3148193.5838958444,-17861111.342160173,10994066.939262528
full,Graph WaveNet/global_quantile,Boundary-forced router/gate_bin_quantile,shortage_energy,5,-1413505.4631766104,-8854071.029042924,4570943.035007965
full,Graph WaveNet/physical_bin_quantile,Boundary-forced router/gate_bin_quantile,total_cost,5,-16928105.832330216,-96781059.93785995,54496091.68381308
full,Graph WaveNet/physical_bin_quantile,Boundary-forced router/gate_bin_quantile,violation_rate,5,-0.015686750890832525,-0.03614957887917072,-0.0013342241658568204
full,Graph WaveNet/physical_bin_quantile,Boundary-forced router/gate_bin_quantile,reserve_energy,5,-13014227.140405893,-26982980.93276584,-801510.4146186591
full,Graph WaveNet/physical_bin_quantile,Boundary-forced router/gate_bin_quantile,shortage_energy,5,-391387.8691924348,-6848411.670851263,5875738.662470563
high_ramp,Graph WaveNet/global_quantile,Boundary-forced router/gate_bin_quantile,total_cost,5,63938.891283604506,-9003290.03205803,9823166.314099917
high_ramp,Graph WaveNet/global_quantile,Boundary-forced router/gate_bin_quantile,violation_rate,5,-0.028750804893754027,-0.054249839021249205,-0.011650032195750167
high_ramp,Graph WaveNet/global_quantile,Boundary-forced router/gate_bin_quantile,reserve_energy,5,9648829.112075888,3703062.2112332718,14146834.093294125
high_ramp,Graph WaveNet/global_quantile,Boundary-forced router/gate_bin_quantile,shortage_energy,5,-958489.0220792305,-1986527.4845099573,-87366.95492209782
high_ramp,Graph WaveNet/physical_bin_quantile,Boundary-forced router/gate_bin_quantile,total_cost,5,-1255102.342442359,-10314695.940658102,7890296.155425616
high_ramp,Graph WaveNet/physical_bin_quantile,Boundary-forced router/gate_bin_quantile,violation_rate,5,-0.002833226014166132,-0.024533161622665813,0.012781712813908566
high_ramp,Graph WaveNet/physical_bin_quantile,Boundary-forced router/gate_bin_quantile,reserve_energy,5,3736755.269389716,-2604385.883653672,8195203.233280225
high_ramp,Graph WaveNet/physical_bin_quantile,Boundary-forced router/gate_bin_quantile,shortage_energy,5,-499185.76118320844,-1540399.663265895,364450.4201891798
non_boundary,Graph WaveNet/global_quantile,Boundary-forced router/gate_bin_quantile,total_cost,5,-30125593.06102599,-85419635.51070265,35214754.179879606
non_boundary,Graph WaveNet/global_quantile,Boundary-forced router/gate_bin_quantile,violation_rate,5,-0.020127371181418795,-0.034303942603503265,-0.007047417952298243
non_boundary,Graph WaveNet/global_quantile,Boundary-forced router/gate_bin_quantile,reserve_energy,5,-10046416.111213064,-28335325.845075138,8886150.773610193
non_boundary,Graph WaveNet/global_quantile,Boundary-forced router/gate_bin_quantile,shortage_energy,5,-2007917.6949812945,-8276374.948915921,3330817.4687376074
non_boundary,Graph WaveNet/physical_bin_quantile,Boundary-forced router/gate_bin_quantile,total_cost,5,-28158641.01267898,-91903380.53594044,32921500.665361412
non_boundary,Graph WaveNet/physical_bin_quantile,Boundary-forced router/gate_bin_quantile,violation_rate,5,-0.008257557697328837,-0.024084732486462552,0.002944749060609153
non_boundary,Graph WaveNet/physical_bin_quantile,Boundary-forced router/gate_bin_quantile,reserve_energy,5,-21498010.069077082,-40040296.93567237,-4181759.5124268853
non_boundary,Graph WaveNet/physical_bin_quantile,Boundary-forced router/gate_bin_quantile,shortage_energy,5,-666063.094360191,-6931017.331776437,4634448.777100392
non_overlap,Graph WaveNet/global_quantile,Boundary-forced router/gate_bin_quantile,total_cost,5,-1290579.8874197125,-4568213.495123164,1751041.6507677883
non_overlap,Graph WaveNet/global_quantile,Boundary-forced router/gate_bin_quantile,violation_rate,5,-0.02200145384056215,-0.044002907681124304,-0.007705354979403925
non_overlap,Graph WaveNet/global_quantile,Boundary-forced router/gate_bin_quantile,reserve_energy,5,-344171.7706663635,-1041266.6312179085,279476.0643493399
non_overlap,Graph WaveNet/global_quantile,Boundary-forced router/gate_bin_quantile,shortage_energy,5,-94640.81167533524,-428987.573929128,182738.8096277705
non_overlap,Graph WaveNet/physical_bin_quantile,Boundary-forced router/gate_bin_quantile,total_cost,5,-1180432.978219018,-4317766.105720861,1597422.832589894
non_overlap,Graph WaveNet/physical_bin_quantile,Boundary-forced router/gate_bin_quantile,violation_rate,5,-0.017591470802035374,-0.037218318391083104,-0.004458444390598495
non_overlap,Graph WaveNet/physical_bin_quantile,Boundary-forced router/gate_bin_quantile,reserve_energy,5,-307536.3917047743,-1003309.1157729017,343555.1181897558
non_overlap,Graph WaveNet/physical_bin_quantile,Boundary-forced router/gate_bin_quantile,shortage_energy,5,-87289.65865142457,-466974.83373212477,187166.2618493642
