condition,seed,dim,brier,ece,nmi,ari,auroc,auprc,precision,recall,f1,pred_prevalence,true_prevalence,tn,fp,fn,tp,fpr,trans_recall,cost_h1,viol_h1,cost_h6,viol_h6
A_Contemporaneous_Plus_Hist,201,4,0.012052670621568864,0.03826968327784792,0.4037561659283251,0.5948992188799059,0.9880882242598814,0.7084126320460156,0.6068599428338097,0.6165781613010288,0.6116804543770836,0.019151425291455134,0.0188495694252852,622512,4814,4621,7431,0.007673841033210803,0.6002394799863154,6451763.0,0.07059812298641266,13665092.0,0.07750678210303605
A_Contemporaneous_Plus_Hist,202,4,0.012122488731531288,0.038277679922309245,0.41206387767692176,0.6026135225466129,0.9889253303263693,0.7231248285357017,0.58163191164717,0.6642051111848656,0.6201820646910711,0.02152560769998342,0.0188495694252852,621568,5758,4047,8005,0.009178640770508475,0.6518987341772152,4979882.0,0.06635175587409795,11911688.0,0.07366986409833724
A_Contemporaneous_Plus_Hist,203,4,0.012267194476049561,0.039638306468841054,0.4028291243191709,0.5942415132056807,0.9883797144251902,0.7108621527627903,0.5911696359411309,0.6332558911384003,0.6114894639852576,0.020191498612714232,0.0188495694252852,622048,5278,4420,7632,0.008413488361713049,0.620253164556962,7482119.5,0.08427106192899722,15413004.0,0.09419400059708467
A_Contemporaneous_Plus_Hist,204,4,0.011944524516094743,0.03826217279185179,0.4048770756254303,0.596083318247159,0.9886863411557022,0.7246846001563158,0.6033595884905963,0.6228841686027216,0.6129664407610027,0.01945953723775294,0.0188495694252852,622391,4935,4545,7507,0.007866723202927983,0.6081081081081081,7878913.5,0.07994168702951446,15097262.0,0.08256902168974961
A_Contemporaneous_Plus_Hist,205,4,0.011902946246680146,0.037395293548799176,0.4002807193166386,0.5916473197885249,0.988146696592825,0.726120663215448,0.6011981865284974,0.6161632923996018,0.608588755941649,0.01931877543487577,0.0188495694252852,622400,4926,4626,7426,0.00785237659526307,0.6009237085186452,6204381.5,0.061148205216001825,13392474.0,0.0733583416622318
B_Hist_Only_No_Current,201,3,0.014616396393691417,0.038286926580394315,0.27321116994611955,0.45307645604724317,0.9821014918711248,0.5321781939706843,0.5428974804517811,0.4147859276468636,0.4702728127939793,0.014401496454366587,0.0188495694252852,623117,4209,7053,4999,0.0067094301846249,0.2996920971604516,6493367.0,0.07283933323994957,13707342.0,0.07603743461273867
B_Hist_Only_No_Current,202,3,0.014364047015805579,0.038702843044761084,0.27805369179197376,0.45686184418278947,0.9828612216463228,0.5465433739341866,0.5586875634231593,0.4111350813143047,0.4736867262559151,0.013871293663529242,0.0188495694252852,623412,3914,7097,4955,0.006239180266719377,0.2960998973657202,5069032.5,0.07837750904006682,11741376.0,0.07749120598123077
B_Hist_Only_No_Current,203,3,0.014162928625654873,0.0365400725996905,0.2619175182045373,0.4297852006637064,0.9830699157304592,0.5476068028579729,0.5874439461883408,0.358695652173913,0.44541754675184175,0.011509623415256702,0.0188495694252852,624290,3036,7729,4323,0.004839588985631076,0.24769072870338693,7509675.0,0.08877942236956105,15848495.0,0.09609947949792967
B_Hist_Only_No_Current,204,3,0.01408698856439302,0.035600487092795965,0.2772992610280369,0.45691940542156423,0.9821236331012555,0.5384307523522334,0.5522800044164734,0.41503484898771986,0.4739210763181581,0.014165329429539334,0.0188495694252852,623271,4055,7050,5002,0.006463943786803034,0.29917892576120425,7778994.0,0.08377042121264001,15191170.0,0.08118793888968212
B_Hist_Only_No_Current,205,3,0.014600107977575409,0.03918038157290913,0.2736418715857952,0.45317945716430513,0.982279282776678,0.5363850492099123,0.5458232843674633,0.413126452041155,0.47029375649381316,0.014266990731617291,0.0188495694252852,623183,4143,7073,4979,0.006604221728415529,0.298323640095792,6062132.0,0.06510663906657743,13303944.0,0.07293778637348944
C_Lag1_Only,201,1,0.013292448570294175,0.04461194576851191,0.38164416524329914,0.5731623118473298,0.9841261466272357,0.7081576618425399,0.5954069571090848,0.585131098572851,0.5902243053230666,0.018524253258635735,0.0188495694252852,622534,4792,5000,7052,0.007638771547807679,0.5573041395826206,6456536.0,0.07131665914408596,13574351.0,0.07649173816539245
C_Lag1_Only,202,1,0.012459740677011963,0.042385156150593926,0.38571684339568724,0.5768574283728373,0.9841261466272357,0.7081576618425399,0.6044192244862866,0.5833056754065715,0.5936747878224887,0.01819111699182643,0.0188495694252852,622725,4601,5022,7030,0.007334304651807832,0.5547382825863838,4360089.0,0.05920530419760004,11839483.0,0.07185005386742124
C_Lag1_Only,203,1,0.012991617707749769,0.041562236034023294,0.37220171541829533,0.5644131378830731,0.9841261466272357,0.7081576618425399,0.5722070844686649,0.5924327912379688,0.5821443130860171,0.01951584195890381,0.0188495694252852,621988,5338,4912,7140,0.008509132412812478,0.5680807389668149,7487549.0,0.07928800070556619,15215947.0,0.08698225620124349
C_Lag1_Only,204,1,0.012795379591722372,0.043252717781608385,0.37862467207302636,0.5704108325416,0.9841261466272357,0.7081576618425399,0.5880691259554669,0.5872884168602721,0.5876785121222186,0.0188245451047737,0.0188495694252852,622368,4958,4974,7078,0.00790338675584943,0.5605542251111871,7829663.0,0.0805279295263887,15123736.0,0.0793940888617749
C_Lag1_Only,205,1,0.012978621470314432,0.0418316897564378,0.3714950671590475,0.5637380584304771,0.9841261466272357,0.7081576618425399,0.5705389221556886,0.5929306339196814,0.5815193066688367,0.01958935090040633,0.0188495694252852,621947,5379,4906,7146,0.008574489181063754,0.5689360246322271,6308867.5,0.05727796713929226,13698846.0,0.06932153009436534
D_Full_Suite_With_Thermal,201,35,0.02558922437076953,0.05394776435048017,0.28905418806111965,0.4294643385267069,0.9776114969573378,0.5759645110855254,0.31888808345677455,0.8395287089279787,0.4622096343162559,0.04962479159433074,0.0188495694252852,605715,21611,1934,10118,0.03444939313849577,0.8383510092370852,7253089.0,0.05768781808843442,14930526.0,0.05686842071104996
D_Full_Suite_With_Thermal,202,35,0.024191557223206834,0.051632930875367654,0.2985694281391495,0.4449671911899856,0.9771650155357989,0.6200062391996923,0.3343383584589615,0.8280783272485894,0.47634957758579544,0.0466859979542618,0.0188495694252852,607456,19870,2072,9980,0.03167412158909403,0.8232979815258297,5658140.0,0.06861112408107786,13086807.0,0.05329370075673992
D_Full_Suite_With_Thermal,203,35,0.022254734769202936,0.04853116781691483,0.31765583539853515,0.4700194728131695,0.9747265444495611,0.615573119128665,0.35830090791180286,0.8251742449385994,0.4996483118971061,0.04341094000731961,0.0188495694252852,609515,17811,2107,9945,0.028391936568865312,0.8149161820047895,7769317.5,0.06349058121014978,17483304.0,0.053953089913163124
D_Full_Suite_With_Thermal,204,35,0.024413786267141645,0.04840767212638218,0.28509102836972966,0.4313703087486263,0.9733248562263523,0.5289536880992782,0.32385293826181744,0.8134749419183538,0.46327229769639694,0.047347578427784504,0.0188495694252852,606857,20469,2248,9804,0.03262896803256999,0.8130345535408826,8415515.0,0.06363843883104284,16988582.0,0.054046546643994754
D_Full_Suite_With_Thermal,205,35,0.023640922125631396,0.04909897429234203,0.2922038464051742,0.4428898359367288,0.9718052988653914,0.5381820815401922,0.3357219510506456,0.8046797212080983,0.4737780600405481,0.04517984666347607,0.0188495694252852,608137,19189,2354,9698,0.030588561609115515,0.7942182689018132,6523789.5,0.047558274060585305,14631048.0,0.04776936955646993
D_Full_Suite_No_Thermal,201,27,0.027605348486576885,0.06520455623828793,0.28307205842875616,0.4261872875920667,0.9710033455456328,0.3970902546464041,0.31795743043979996,0.8230169266511782,0.45870329263780985,0.048791168917291496,0.0188495694252852,606049,21277,2133,9919,0.03391697458737562,0.823811152925077,7477349.5,0.054673597816895195,15109815.0,0.05472929998312587
D_Full_Suite_No_Thermal,202,27,0.023845465031828546,0.05937909022775338,0.31034023608586014,0.4682386240009606,0.9703770919428697,0.47676571027639525,0.3615561503373921,0.7958015267175572,0.4972135099406413,0.04148875938803024,0.0188495694252852,610390,16936,2461,9591,0.02699712749033198,0.7887444406431748,5877195.0,0.05550367568857553,13465546.0,0.05078854116639192
D_Full_Suite_No_Thermal,203,27,0.023917534883012088,0.05821435364961564,0.3053928399126369,0.4638031092108609,0.9655970804371411,0.4187672263839353,0.3585176239716205,0.7882509127115831,0.49286640726329445,0.04144340280710315,0.0188495694252852,610328,16998,2552,9500,0.027095959676468058,0.7791652411905576,7870501.5,0.060141735796589414,17678448.0,0.052771900676263285
D_Full_Suite_No_Thermal,204,27,0.023422958629416925,0.05878927552568393,0.31605301228334587,0.47223153248179434,0.9726697268153114,0.5836701407873607,0.3632061410046207,0.8087454364420843,0.5012857436741411,0.04197204157790853,0.0188495694252852,610237,17089,2305,9747,0.027241019820635523,0.7986657543619569,8639498.0,0.06026884147069047,17251924.0,0.05474228008463026
D_Full_Suite_No_Thermal,205,27,0.025206079572296917,0.06166558786088717,0.291653065396146,0.44454758731754906,0.9651293431727908,0.4535281092188194,0.3387051173310715,0.7952207102555593,0.4750669178150094,0.04425551082458264,0.0188495694252852,608614,18712,2468,9584,0.02982819140287506,0.7819021553198768,6721908.0,0.042383257329328204,14968736.0,0.047167092846666064
E_No_Patv_With_Thermal,201,32,0.022644515043338625,0.04820499213052034,0.30169194791376713,0.4635245125825396,0.9539001435199352,0.4364616127470781,0.3617702154230409,0.7691669432459343,0.4920904554623633,0.040076449299162625,0.0188495694252852,610972,16354,2782,9270,0.026069380194667525,0.7540198426274376,7401293.5,0.05758924634117238,15103276.0,0.05953453356005244
E_No_Patv_With_Thermal,202,32,0.02411917641231717,0.052905060908134564,0.29435500193079395,0.44829638102324554,0.9522378833221703,0.5157141979448086,0.3424451679845433,0.7941420511118487,0.4785380365490863,0.04371279587348955,0.0188495694252852,608948,18378,2481,9571,0.029295772851754907,0.7784810126582279,5403807.0,0.06759946667496744,12707126.0,0.049861761918978204
E_No_Patv_With_Thermal,203,32,0.026532478493853817,0.05915807111484454,0.28156010215249083,0.4244022983484424,0.9532058905442093,0.5952163387707481,0.31645165410652704,0.8222701626286094,0.4570190001844678,0.04897885132112772,0.0188495694252852,605920,21406,2142,9910,0.03412260929723939,0.8137187820732125,7751091.0,0.06985105290190036,17729828.0,0.060674186472138215
E_No_Patv_With_Thermal,204,32,0.025629125909576687,0.055293230073203296,0.28592112895106253,0.43492150629279114,0.9534816076151136,0.5026670551508122,0.32840728061553065,0.8039329571855294,0.4663217422692817,0.0461432830031687,0.0188495694252852,607512,19814,2363,9689,0.03158485380806789,0.7942182689018132,8490774.0,0.06505475919959741,17320820.0,0.05925416336755753
E_No_Patv_With_Thermal,205,32,0.028762962522767926,0.06339944755960625,0.26404369406386047,0.4024985573364977,0.9552265559651514,0.4861558405625351,0.2977565459273145,0.8171257882509128,0.4364667818995701,0.05172839853732847,0.0188495694252852,604100,23226,2204,9848,0.03702381218058872,0.8128634964078002,6537951.0,0.04750380020025629,14916656.0,0.049737152944536026
E_No_Patv_No_Thermal,201,24,0.027227240556855888,0.07712655083488433,0.299346192019098,0.45467586546606986,0.9492843949713137,0.5289515554673825,0.3485670587378464,0.7942250248921341,0.4844987725558677,0.042949554097888885,0.0188495694252852,609437,17889,2480,9572,0.028516273835294568,0.77933629832364,7562795.0,0.056730634542653036,15065843.0,0.06312223361586687
E_No_Patv_No_Thermal,202,24,0.027145302930515314,0.07841339667280586,0.303799810971198,0.4615677280172164,0.9517949829973839,0.563932889303009,0.3561505336079386,0.7891636242947229,0.49080166163531747,0.041767154953720645,0.0188495694252852,610132,17194,2541,9511,0.027408396910059522,0.7704413274033527,5474679.0,0.05070738198627259,12968535.0,0.04661673654287977
E_No_Patv_No_Thermal,203,24,0.030915850870193474,0.08149492814354654,0.2690661182091323,0.4105723994810817,0.9477511978311657,0.4275329234093633,0.30537614278136604,0.8120643876535015,0.4438448107752659,0.05012527800456068,0.0188495694252852,605064,22262,2265,9787,0.03548713109292457,0.8051659254190899,7869242.0,0.06629468802041992,17935864.0,0.058672654820160694
E_No_Patv_No_Thermal,204,24,0.026598917082755167,0.07373067124219079,0.3029014836249197,0.458864421805144,0.9508972707536716,0.4840806682176566,0.3523942523244276,0.7956355791569864,0.4884496854544991,0.042558549089896744,0.0188495694252852,609704,17622,2463,9589,0.02809065780790211,0.777796784125898,8663816.0,0.06418058344098405,17499424.0,0.06131540348645526
E_No_Patv_No_Thermal,205,24,0.030534272290509465,0.08272203622774091,0.27135399528696824,0.4169961789376391,0.9502172701462223,0.438481700451904,0.31267248936653785,0.799037504148689,0.4494644232339969,0.04817025296459997,0.0188495694252852,606157,21169,2422,9630,0.03374481529539665,0.7829284981183715,6666416.0,0.044336534321126,15012888.0,0.049700808660323725
