condition,horizon_step,horizon_min,model_id,model_name,psrei_cost_kwh,violation_rate,reserve_kwh,shortage_kwh,pinball_loss
clean,1,10,B0_Global_Quantile,Global Empirical Quantile,9223263.0,0.04820057857322766,6505083.5,271817.96875,11.883591651916504
clean,1,10,B1_Conditional_Wspd_Bins,Wind-Speed Binned Empirical Quantile,7139155.0,0.07396004763569938,4741796.5,239735.84375,8.825749397277832
clean,1,10,B2_Linear_Quantile_Reg,Linear Quantile Regression,8095740.0,0.1698281153331687,2643745.75,545199.4375,10.229269981384277
clean,1,10,B3_Quantile_GBDT,Quantile GBDT (HistGradientBoosting),6494554.054973617,0.09155444481668325,3615236.5440112846,287931.75109623326,7.87997988313923
clean,1,10,B4_Direct_MLP,Capacity-Matched Direct MLP,6693867.5,0.07522185568926265,3940821.75,275304.5625,8.172415733337402
clean,6,60,B0_Global_Quantile,Global Empirical Quantile,16787804.0,0.057722545416309036,12761246.0,402655.84375,19.94157600402832
clean,6,60,B1_Conditional_Wspd_Bins,Wind-Speed Binned Empirical Quantile,14545608.0,0.08474369037924971,11076736.0,346887.125,16.651798248291016
clean,6,60,B2_Linear_Quantile_Reg,Linear Quantile Regression,22961328.0,0.36594699943023284,3151806.75,1980952.25,28.999439239501953
clean,6,60,B3_Quantile_GBDT,Quantile GBDT (HistGradientBoosting),15665274.892813236,0.16234450614883883,7553868.144964561,811140.6747848673,18.29458739305278
clean,6,60,B4_Direct_MLP,Capacity-Matched Direct MLP,14015895.0,0.10586664514756479,9653215.0,436268.0625,15.874598503112793
delay6,1,10,B0_Global_Quantile,Global Empirical Quantile,9223263.0,0.04820057857322766,6505083.5,271817.96875,11.883591651916504
delay6,1,10,B1_Conditional_Wspd_Bins,Wind-Speed Binned Empirical Quantile,7396744.0,0.0670323301633259,4826690.5,257005.4375,9.203690528869629
delay6,1,10,B2_Linear_Quantile_Reg,Linear Quantile Regression,8651825.0,0.20632762503759747,1762162.0,688966.375,11.045166969299316
delay6,1,10,B3_Quantile_GBDT,Quantile GBDT (HistGradientBoosting),7357439.199455936,0.08604748408679087,4175536.1102798195,318190.3089176117,9.146021074543754
delay6,1,10,B4_Direct_MLP,Capacity-Matched Direct MLP,7345966.0,0.05808718702391811,4985692.5,236027.359375,9.129186630249023
delay6,6,60,B0_Global_Quantile,Global Empirical Quantile,16787804.0,0.057722545416309036,12761246.0,402655.84375,19.94157600402832
delay6,6,60,B1_Conditional_Wspd_Bins,Wind-Speed Binned Empirical Quantile,14689776.0,0.07909492613812819,10993688.0,369608.75,16.863325119018555
delay6,6,60,B2_Linear_Quantile_Reg,Linear Quantile Regression,24310622.0,0.3852261584246061,2502407.5,2180821.75,30.979141235351562
delay6,6,60,B3_Quantile_GBDT,Quantile GBDT (HistGradientBoosting),15740668.34891043,0.15137220954714517,7770719.185097761,796994.9163812669,18.405205538199898
delay6,6,60,B4_Direct_MLP,Capacity-Matched Direct MLP,14244083.0,0.08878830338999215,10113508.0,413057.59375,16.209400177001953
pitch_withheld,1,10,B0_Global_Quantile,Global Empirical Quantile,9223263.0,0.04820057857322766,6505083.5,271817.96875,11.883591651916504
pitch_withheld,1,10,B1_Conditional_Wspd_Bins,Wind-Speed Binned Empirical Quantile,7139155.0,0.07396004763569938,4741796.5,239735.84375,8.825749397277832
pitch_withheld,1,10,B2_Linear_Quantile_Reg,Linear Quantile Regression,8786736.0,0.220148824880116,1721157.25,706557.9375,11.243111610412598
pitch_withheld,1,10,B3_Quantile_GBDT,Quantile GBDT (HistGradientBoosting),6406538.226360783,0.08415966273533576,3755207.5949958777,265133.0631364905,7.750841416412813
pitch_withheld,1,10,B4_Direct_MLP,Capacity-Matched Direct MLP,6632236.0,0.06622291453206729,4424453.0,220778.296875,8.081989288330078
pitch_withheld,6,60,B0_Global_Quantile,Global Empirical Quantile,16787804.0,0.057722545416309036,12761246.0,402655.84375,19.94157600402832
pitch_withheld,6,60,B1_Conditional_Wspd_Bins,Wind-Speed Binned Empirical Quantile,14545608.0,0.08474369037924971,11076736.0,346887.125,16.651798248291016
pitch_withheld,6,60,B2_Linear_Quantile_Reg,Linear Quantile Regression,25907768.0,0.4117044351358026,2109056.75,2379871.25,33.32249069213867
pitch_withheld,6,60,B3_Quantile_GBDT,Quantile GBDT (HistGradientBoosting),14965626.296682963,0.1497705036692514,8356190.154912146,660943.6141770819,17.26805493300822
pitch_withheld,6,60,B4_Direct_MLP,Capacity-Matched Direct MLP,14066358.0,0.08790308579030125,10257375.0,380898.3125,15.948637962341309
delay6_pitch_withheld,1,10,B0_Global_Quantile,Global Empirical Quantile,9223263.0,0.04820057857322766,6505083.5,271817.96875,11.883591651916504
delay6_pitch_withheld,1,10,B1_Conditional_Wspd_Bins,Wind-Speed Binned Empirical Quantile,7396744.0,0.0670323301633259,4826690.5,257005.4375,9.203690528869629
delay6_pitch_withheld,1,10,B2_Linear_Quantile_Reg,Linear Quantile Regression,8986314.0,0.22805468813044552,1459207.5,752710.6875,11.535935401916504
delay6_pitch_withheld,1,10,B3_Quantile_GBDT,Quantile GBDT (HistGradientBoosting),7094128.079768831,0.08204197712606098,4118824.021918454,297530.40578503767,8.759686084527532
delay6_pitch_withheld,1,10,B4_Direct_MLP,Capacity-Matched Direct MLP,7383661.5,0.06676334007438799,4820157.0,256350.4375,9.184494018554688
delay6_pitch_withheld,6,60,B0_Global_Quantile,Global Empirical Quantile,16787804.0,0.057722545416309036,12761246.0,402655.84375,19.94157600402832
delay6_pitch_withheld,6,60,B1_Conditional_Wspd_Bins,Wind-Speed Binned Empirical Quantile,14689776.0,0.07909492613812819,10993688.0,369608.75,16.863325119018555
delay6_pitch_withheld,6,60,B2_Linear_Quantile_Reg,Linear Quantile Regression,26298388.0,0.41472933616016083,1861277.375,2443711.0,33.89561462402344
delay6_pitch_withheld,6,60,B3_Quantile_GBDT,Quantile GBDT (HistGradientBoosting),14993857.488036044,0.13727719782168002,8310173.879994817,668368.3608041225,17.309476061371733
delay6_pitch_withheld,6,60,B4_Direct_MLP,Capacity-Matched Direct MLP,14483544.0,0.0887418416927708,10128298.0,435524.5625,16.56073760986328
