condition,horizon_step,horizon_min,variant_id,cost_mean_kwh,cost_std_kwh,violation_mean_pct,violation_std_pct,reserve_mean_kwh,shortage_mean_kwh,pinball_loss_mean,delta_vs_direct_kwh
clean,1,10,A_Direct_Risk,8050314.5,1264416.1909676734,5.283063161318248,0.6514550494145286,5564841.3,248547.35625,10.127000522613525,0.0
clean,1,10,B_Boundary_Aux,8138692.6,1198331.6851936446,4.918508229874039,0.4381171227800498,5747885.4,239080.759375,10.256671142578124,-88378.09999999963
clean,1,10,C_Two_Stage_Boundary,7295934.7,1311173.5071322408,7.338196348092737,0.9486716351256945,4714720.35,258121.434375,9.020159721374512,754379.7999999998
clean,1,10,D_Posterior_Ablated,8625439.4,1302297.3171428405,4.682628375519945,0.5431993894640553,6064109.45,256132.984375,10.970833778381348,-575124.9000000004
clean,1,10,E_Shuffled_State,8954016.0,1450593.2983728761,5.860413706756786,0.7995673845711885,5716109.8,323790.640625,11.452928733825683,-903701.5
clean,1,10,F_Random_Posterior,8484100.1,1138843.3268511696,9.659189557315674,1.533719674557029,4248378.5,423572.16875,10.763459014892579,-433785.5999999996
clean,1,10,G_Oracle_State,7904590.8,1466822.847551319,8.957076517898845,1.4519950191795166,4004005.5,390058.5125,9.91319227218628,145723.7000000002
clean,1,10,H_STGQ_Modular,7318531.3,1302283.4582685751,6.942634195487324,0.8499772481025801,4782189.65,253634.153125,9.053314113616944,731783.2000000002
clean,1,10,I_STGQ_Dense,7408113.6,1234901.591789459,7.832453409693914,0.9924824641667606,4552882.6,285523.090625,9.18475112915039,642200.9000000004
clean,1,10,J_STGQ_Routed,7295934.7,1311173.5071322408,7.338196348092737,0.9486716351256945,4714720.35,258121.434375,9.020159721374512,754379.7999999998
clean,6,60,A_Direct_Risk,16533525.8,2205525.1856279857,5.962062801542529,0.25277808181062034,12526091.4,400743.40625,19.266063690185547,0.0
clean,6,60,B_Boundary_Aux,16580592.6,2181168.5097055295,5.680211474082932,0.3702637262794138,12724239.8,385635.25625,19.33512020111084,-47066.79999999888
clean,6,60,C_Two_Stage_Boundary,15770306.8,1969524.813000882,8.530465423938534,0.47959654398639007,11391822.0,437848.4625,18.14625816345215,763219.0
clean,6,60,D_Posterior_Ablated,17315159.6,2218640.9644891713,5.5052709572821374,0.5394328395337716,13253204.2,406195.5,20.412885665893555,-781633.8000000007
clean,6,60,E_Shuffled_State,17928671.0,2402492.49970925,7.188358165887822,0.7588210015658086,12467326.6,546134.48125,21.313036727905274,-1395145.1999999993
clean,6,60,F_Random_Posterior,17395431.0,2424055.402997052,11.051672743367593,1.5918146043533283,10158912.8,723651.8125,20.530659103393553,-861905.1999999993
clean,6,60,G_Oracle_State,16740848.6,1834183.2687440587,9.171930287891346,0.9474668411434314,11186909.4,555393.8875,19.570248794555663,-207322.79999999888
clean,6,60,H_STGQ_Modular,15774512.8,1968387.9149616214,8.116760690469729,0.38563181092391957,11484890.2,428962.2625,18.152431297302247,759013.0
clean,6,60,I_STGQ_Dense,15877317.8,1736786.3443242984,8.710834623256769,0.7102532923758236,11234945.2,464237.1875,18.303265953063963,656208.0
clean,6,60,J_STGQ_Routed,15770306.8,1969524.813000882,8.530465423938534,0.47959654398639007,11391822.0,437848.4625,18.14625816345215,763219.0
delay6,1,10,A_Direct_Risk,8035288.5,1276007.4271525224,5.280617796873356,0.6621875811281718,5541606.8,249368.15625,10.10495376586914,0.0
delay6,1,10,B_Boundary_Aux,8078189.0,1194328.278932388,4.994412342243427,0.4732517796720568,5661713.8,241647.525,10.16789789199829,-42900.5
delay6,1,10,C_Two_Stage_Boundary,7573252.4,1285771.8387005683,7.1641353069054645,0.7904021244424997,4837062.4,273619.00625,9.427045917510986,462036.0999999996
delay6,1,10,D_Posterior_Ablated,8625439.4,1302297.3171428405,4.682628375519945,0.5431993894640553,6064109.45,256132.984375,10.970833778381348,-590150.9000000004
delay6,1,10,E_Shuffled_State,8954016.0,1450593.2983728761,5.860413706756786,0.7995673845711885,5716109.8,323790.640625,11.452928733825683,-918727.5
delay6,1,10,F_Random_Posterior,8331219.1,1217769.9288282823,9.029508212756488,1.169320994056222,4308225.9,402299.33125,10.539148712158203,-295930.5999999996
delay6,1,10,G_Oracle_State,7904590.8,1466822.847551319,8.957076517898845,1.4519950191795166,4004005.5,390058.5125,9.91319227218628,130697.70000000019
delay6,1,10,H_STGQ_Modular,7592423.0,1283078.8213021054,6.8436947500470735,0.7745136620664929,4898414.55,269400.85,9.455173301696778,442865.5
delay6,1,10,I_STGQ_Dense,7670583.5,1155756.9966056878,7.48472258563055,0.833255089500496,4797701.45,287288.175,9.569851779937744,364705.0
delay6,1,10,J_STGQ_Routed,7573252.4,1285771.8387005683,7.1641353069054645,0.7904021244424997,4837062.4,273619.00625,9.427045917510986,462036.0999999996
delay6,6,60,A_Direct_Risk,16507091.0,2207471.2823469304,5.9316426166249725,0.26125633257378694,12511299.4,399579.125,19.227276420593263,0.0
delay6,6,60,B_Boundary_Aux,16512356.8,2195740.113295961,5.730194478883158,0.2784841018987617,12651184.2,386117.26875,19.235003852844237,-5265.800000000745
delay6,6,60,C_Two_Stage_Boundary,15814467.6,1969650.1856015548,8.299232892925351,0.46171475733726464,11411063.0,440340.475,18.211052703857423,692623.4000000004
delay6,6,60,D_Posterior_Ablated,17315159.6,2218640.9644891713,5.5052709572821374,0.5394328395337716,13253204.2,406195.5,20.412885665893555,-808068.6000000015
delay6,6,60,E_Shuffled_State,17928671.0,2402492.49970925,7.188358165887822,0.7588210015658086,12467326.6,546134.48125,21.313036727905274,-1421580.0
delay6,6,60,F_Random_Posterior,17303040.6,2419434.5018189354,10.732260801733265,1.5576652299265425,10210715.8,709232.46875,20.395104217529298,-795949.6000000015
delay6,6,60,G_Oracle_State,16740848.6,1834183.2687440587,9.171930287891346,0.9474668411434314,11186909.4,555393.8875,19.570248794555663,-233757.59999999963
delay6,6,60,H_STGQ_Modular,15823335.0,1970300.1996338528,7.944705689601628,0.4235554373190076,11503170.6,432016.475,18.22406177520752,683756.0
delay6,6,60,I_STGQ_Dense,15851796.0,1754972.1403486724,8.471483521992278,0.545101187832772,11271735.0,458006.15,18.265821266174317,655295.0
delay6,6,60,J_STGQ_Routed,15814467.6,1969650.1856015548,8.299232892925351,0.46171475733726464,11411063.0,440340.475,18.211052703857423,692623.4000000004
pitch_withheld,1,10,A_Direct_Risk,8009040.3,1281420.0063240624,5.3033107789219365,0.7549885590012021,5566523.95,244251.675,10.06644229888916,0.0
pitch_withheld,1,10,B_Boundary_Aux,8076961.8,1164500.6608814183,4.99186916322074,0.520476244450252,5699074.65,237788.71875,10.166097450256348,-67921.5
pitch_withheld,1,10,C_Two_Stage_Boundary,7403888.4,1391791.42462545,6.969533204381115,1.06230649598659,4945517.2,245837.115625,9.178551578521729,605151.8999999994
pitch_withheld,1,10,D_Posterior_Ablated,8625439.4,1302297.3171428405,4.682628375519945,0.5431993894640553,6064109.45,256132.984375,10.970833778381348,-616399.1000000006
pitch_withheld,1,10,E_Shuffled_State,8954016.0,1450593.2983728761,5.860413706756786,0.7995673845711885,5716109.8,323790.640625,11.452928733825683,-944975.7000000002
pitch_withheld,1,10,F_Random_Posterior,8503541.3,1155378.0335715925,9.489921430440386,1.3221278237503156,4330290.85,417325.025,10.791982841491699,-494501.00000000093
pitch_withheld,1,10,G_Oracle_State,7904590.8,1466822.847551319,8.957076517898845,1.4519950191795166,4004005.5,390058.5125,9.91319227218628,104449.5
pitch_withheld,1,10,H_STGQ_Modular,7423079.9,1383280.8474357042,6.600087544047128,1.0070422461475705,5001446.6,242163.325,9.206709575653075,585960.3999999994
pitch_withheld,1,10,I_STGQ_Dense,7260826.3,1262078.1697910633,7.5629742478670305,1.0316000593268826,4623978.2,263684.8625,8.968648719787598,748214.0
pitch_withheld,1,10,J_STGQ_Routed,7403888.4,1391791.42462545,6.969533204381115,1.06230649598659,4945517.2,245837.115625,9.178551578521729,605151.8999999994
pitch_withheld,6,60,A_Direct_Risk,16469327.8,2213637.5951278387,5.941668561814843,0.23362552108951798,12539657.2,392967.1,19.171870994567872,0.0
pitch_withheld,6,60,B_Boundary_Aux,16503014.4,2143801.2828265214,5.709360075708114,0.30356702274670827,12678769.2,382424.4625,19.221296310424805,-33686.59999999963
pitch_withheld,6,60,C_Two_Stage_Boundary,15768202.6,1950997.0444083815,8.32016511019981,0.8531768392149796,11657611.8,411059.09375,18.14317207336426,701125.2000000011
pitch_withheld,6,60,D_Posterior_Ablated,17315159.6,2218640.9644891713,5.5052709572821374,0.5394328395337716,13253204.2,406195.5,20.412885665893555,-845831.8000000007
pitch_withheld,6,60,E_Shuffled_State,17928671.0,2402492.49970925,7.188358165887822,0.7588210015658086,12467326.6,546134.48125,21.313036727905274,-1459343.1999999993
pitch_withheld,6,60,F_Random_Posterior,17574962.4,2450904.833958724,11.411188465761398,1.7686838755571457,10176336.8,739862.55,20.79407081604004,-1105634.5999999978
pitch_withheld,6,60,G_Oracle_State,16740848.6,1834183.2687440587,9.171930287891346,0.9474668411434314,11186909.4,555393.8875,19.570248794555663,-271520.7999999989
pitch_withheld,6,60,H_STGQ_Modular,15763592.2,1950140.4129391708,7.871883092588381,0.773942254290126,11737391.6,402620.03125,18.136406707763673,705735.6000000015
pitch_withheld,6,60,I_STGQ_Dense,15471506.2,1677534.5515660057,8.841269724824485,0.6566726926308672,11146012.4,432549.4,17.70785484313965,997821.6000000015
pitch_withheld,6,60,J_STGQ_Routed,15768202.6,1950997.0444083815,8.32016511019981,0.8531768392149796,11657611.8,411059.09375,18.14317207336426,701125.2000000011
delay6_pitch_withheld,1,10,A_Direct_Risk,7983778.8,1275277.8844027915,5.317836243724583,0.756572247344704,5522340.25,246143.8625,10.029377841949463,0.0
delay6_pitch_withheld,1,10,B_Boundary_Aux,8015184.6,1183388.734369666,5.094819006350611,0.5820386281406149,5611487.0,240369.715625,10.075456523895264,-31405.799999999814
delay6_pitch_withheld,1,10,C_Two_Stage_Boundary,7600365.9,1358317.9194682075,6.987775623139994,0.8889545834636579,5001960.0,259840.63125,9.466827964782714,383412.89999999944
delay6_pitch_withheld,1,10,D_Posterior_Ablated,8625439.4,1302297.3171428405,4.682628375519945,0.5431993894640553,6064109.45,256132.984375,10.970833778381348,-641660.6000000006
delay6_pitch_withheld,1,10,E_Shuffled_State,8954016.0,1450593.2983728761,5.860413706756786,0.7995673845711885,5716109.8,323790.640625,11.452928733825683,-970237.2000000002
delay6_pitch_withheld,1,10,F_Random_Posterior,8398819.6,1188244.274539137,9.10800441143746,1.0677785927319265,4362557.9,403626.175,10.638333892822265,-415040.7999999998
delay6_pitch_withheld,1,10,G_Oracle_State,7904590.8,1466822.847551319,8.957076517898845,1.4519950191795166,4004005.5,390058.5125,9.91319227218628,79188.0
delay6_pitch_withheld,1,10,H_STGQ_Modular,7615847.7,1357551.6215739865,6.6603413239692175,0.8922543247896647,5055067.5,256078.01875,9.489542293548585,367931.0999999996
delay6_pitch_withheld,1,10,I_STGQ_Dense,7501489.0,1177607.7002862627,7.49538437461027,0.7099842105586716,4756284.85,274520.421875,9.321753597259521,482289.7999999998
delay6_pitch_withheld,1,10,J_STGQ_Routed,7600365.9,1358317.9194682075,6.987775623139994,0.8889545834636579,5001960.0,259840.63125,9.466827964782714,383412.89999999944
delay6_pitch_withheld,6,60,A_Direct_Risk,16441156.4,2211935.920616653,5.9204429022421445,0.24929665194421816,12514601.0,392655.55625,19.130537033081055,0.0
delay6_pitch_withheld,6,60,B_Boundary_Aux,16456031.2,2157578.261228491,5.679722403585865,0.2849684402628338,12653173.0,380285.78125,19.15236129760742,-14874.799999998882
delay6_pitch_withheld,6,60,C_Two_Stage_Boundary,15768743.0,1926312.564994788,8.106588024130739,0.7269911616159593,11624585.6,414415.74375,18.143963241577147,672413.4000000004
delay6_pitch_withheld,6,60,D_Posterior_Ablated,17315159.6,2218640.9644891713,5.5052709572821374,0.5394328395337716,13253204.2,406195.5,20.412885665893555,-874003.2000000011
delay6_pitch_withheld,6,60,E_Shuffled_State,17928671.0,2402492.49970925,7.188358165887822,0.7588210015658086,12467326.6,546134.48125,21.313036727905274,-1487514.5999999996
delay6_pitch_withheld,6,60,F_Random_Posterior,17425709.2,2437486.0949877356,10.945642259603511,1.733672533841825,10241420.0,718428.89375,20.575083541870118,-984552.7999999989
delay6_pitch_withheld,6,60,G_Oracle_State,16740848.6,1834183.2687440587,9.171930287891346,0.9474668411434314,11186909.4,555393.8875,19.570248794555663,-299692.19999999925
delay6_pitch_withheld,6,60,H_STGQ_Modular,15774229.8,1928826.5293295197,7.740567664125946,0.6650044145350207,11706016.2,406821.3875,18.15201530456543,666926.5999999996
delay6_pitch_withheld,6,60,I_STGQ_Dense,15476583.2,1685811.178157554,8.403111466502342,0.4315264303440711,11239528.6,423705.5125,17.715304565429687,964573.2000000011
delay6_pitch_withheld,6,60,J_STGQ_Routed,15768743.0,1926312.564994788,8.106588024130739,0.7269911616159593,11624585.6,414415.74375,18.143963241577147,672413.4000000004
