Panel,Model,n_runs,idle,mppt,pitch_control,transition,switch_window,convective,stable
WTB,Graph WaveNet,5,151.75 +/- 4.11,242.32 +/- 2.40,282.67 +/- 31.41,286.52 +/- 11.31,228.12 +/- 3.23,,
WTB,Graph Transformer,5,154.20 +/- 4.38,254.41 +/- 5.68,280.50 +/- 35.98,299.34 +/- 10.78,237.06 +/- 5.78,,
WTB,GAT-GRU,5,156.80 +/- 5.92,252.43 +/- 7.29,318.28 +/- 49.88,308.06 +/- 17.95,240.17 +/- 8.50,,
WTB,Physics-Aligned MoE,5,157.08 +/- 5.57,261.09 +/- 4.82,297.02 +/- 18.14,303.80 +/- 20.59,242.60 +/- 6.07,,
WTB,PatchTST,5,157.26 +/- 7.04,244.70 +/- 4.87,277.21 +/- 19.30,285.07 +/- 5.88,231.22 +/- 4.15,,
WTB,iTransformer,5,152.68 +/- 6.40,238.41 +/- 1.84,303.65 +/- 25.24,290.78 +/- 9.59,228.80 +/- 2.54,,
WTB,TiDE,5,152.33 +/- 5.67,243.99 +/- 3.60,284.50 +/- 8.83,290.63 +/- 5.64,231.48 +/- 2.86,,
WTB,Capacity-Matched Dense Diffusion-GRU,5,165.26 +/- 12.13,247.84 +/- 7.66,271.47 +/- 22.64,282.38 +/- 6.15,233.82 +/- 5.96,,
WTB,Unconstrained MoE,5,161.03 +/- 4.13,251.50 +/- 9.14,307.10 +/- 24.07,297.17 +/- 10.89,237.22 +/- 8.11,,
WTB,Boundary-forced router,5,154.91 +/- 3.73,254.76 +/- 9.79,286.95 +/- 22.07,301.76 +/- 17.69,239.86 +/- 8.85,,
ERA5,Persistence,1,,,,0.6456,0.6814,0.5065,0.7264
ERA5,Graph WaveNet,3,,,,0.7628 +/- 0.0572,0.7934 +/- 0.0652,0.5075 +/- 0.0530,0.8599 +/- 0.0676
ERA5,STGCN,3,,,,0.8544 +/- 0.1723,0.8908 +/- 0.1239,0.6565 +/- 0.1860,1.0131 +/- 0.1681
ERA5,PatchTST,3,,,,0.7616 +/- 0.0634,0.8248 +/- 0.0842,0.6005 +/- 0.0846,0.9028 +/- 0.0890
ERA5,TCN,3,,,,0.7733 +/- 0.0195,0.8338 +/- 0.0292,0.5707 +/- 0.0183,0.8988 +/- 0.0374
ERA5,Capacity-Matched Dense Diffusion-GRU,5,,,,0.7853 +/- 0.0780,0.8330 +/- 0.0824,0.5479 +/- 0.0430,0.8819 +/- 0.0799
ERA5,Physics-Aligned MoE,5,,,,0.7970 +/- 0.0342,0.8507 +/- 0.0363,0.5700 +/- 0.0784,0.8907 +/- 0.0596
ERA5,Unconstrained MoE,5,,,,0.8690 +/- 0.0656,0.9224 +/- 0.0555,0.5892 +/- 0.0466,0.9460 +/- 0.0500
