Model,Overall RMSE,Switch RMSE,Pitch-control RMSE,NMI,ARI,expert_usage_entropy,n_runs
Capacity-Matched Dense Diffusion-GRU,231.42 +/- 5.87,233.82 +/- 5.96,271.47 +/- 22.64,,,,5
Unconstrained MoE,235.40 +/- 7.96,237.22 +/- 8.11,307.10 +/- 24.07,0.0136 +/- 0.0304,0.0076 +/- 0.0170,0.0000 +/- 0.0000,5
MoE + L_bal,235.16 +/- 4.07,236.44 +/- 5.77,287.90 +/- 23.23,0.2401 +/- 0.1503,0.1978 +/- 0.1392,0.2219 +/- 0.4955,5
MoE + L_align,234.51 +/- 4.72,235.79 +/- 4.89,274.07 +/- 19.90,0.7973 +/- 0.1291,0.8651 +/- 0.0983,0.5597 +/- 0.5148,5
MoE + L_bal + L_align,236.67 +/- 1.62,238.97 +/- 1.12,276.02 +/- 2.47,0.8189 +/- 0.0884,0.8893 +/- 0.0567,0.5613 +/- 0.5169,5
MoE + L_bal + L_align + L_force,236.13 +/- 8.41,239.86 +/- 8.85,286.95 +/- 22.07,0.8716 +/- 0.0418,0.9166 +/- 0.0371,0.4669 +/- 0.4259,5
MoE + L_bal + L_align + L_force + L_smooth,239.61 +/- 6.09,241.07 +/- 7.01,293.74 +/- 30.07,0.8320 +/- 0.0944,0.8673 +/- 0.1070,0.5146 +/- 0.4867,5
Context-supervised router,242.75 +/- 14.87,245.13 +/- 15.17,287.75 +/- 35.91,0.7521 +/- 0.0656,0.8020 +/- 0.0738,0.3252 +/- 0.4459,5
Anchor-only router,233.46 +/- 6.11,236.90 +/- 5.59,317.81 +/- 12.82,0.8895 +/- 0.0627,0.9219 +/- 0.0580,0.9874 +/- 0.0215,5
Physics-Aligned MoE,241.42 +/- 4.28,242.60 +/- 6.07,297.02 +/- 18.14,0.8312 +/- 0.0560,0.8820 +/- 0.0655,1.0973 +/- 0.0601,5
