Panel,Model,Overall RMSE,Overall MAE,Switch RMSE,Switch MAE,n_runs
WTB,Graph WaveNet,225.74 +/- 2.60,160.09 +/- 2.00,228.12 +/- 3.23,159.83 +/- 1.41,5
WTB,Graph Transformer,235.38 +/- 5.15,165.97 +/- 1.63,237.06 +/- 5.78,164.82 +/- 2.08,5
WTB,GAT-GRU,236.59 +/- 7.80,167.31 +/- 4.37,240.17 +/- 8.50,167.71 +/- 4.79,5
WTB,Physics-Aligned MoE,241.42 +/- 4.28,169.49 +/- 2.44,242.60 +/- 6.07,167.77 +/- 4.19,5
WTB,PatchTST,228.07 +/- 4.05,164.00 +/- 4.09,231.22 +/- 4.15,164.47 +/- 4.40,5
WTB,iTransformer,224.34 +/- 2.23,160.88 +/- 4.45,228.80 +/- 2.54,162.94 +/- 4.47,5
WTB,TiDE,227.31 +/- 3.05,160.43 +/- 4.55,231.48 +/- 2.86,161.62 +/- 4.58,5
WTB,Capacity-Matched Dense Diffusion-GRU,231.42 +/- 5.87,169.51 +/- 5.10,233.82 +/- 5.96,169.70 +/- 6.33,5
WTB,Unconstrained MoE,235.40 +/- 7.96,168.03 +/- 4.75,237.22 +/- 8.11,167.23 +/- 4.82,5
WTB,Boundary-forced router,236.13 +/- 8.41,166.42 +/- 5.54,239.86 +/- 8.85,166.98 +/- 6.75,5
ERA5,Persistence,0.7127,0.5501,0.6814,0.5277,1
ERA5,Graph WaveNet,0.8417 +/- 0.0661,0.6625 +/- 0.0583,0.7934 +/- 0.0652,0.6257 +/- 0.0610,3
ERA5,STGCN,0.9893 +/- 0.1646,0.7797 +/- 0.1420,0.8908 +/- 0.1239,0.7055 +/- 0.1177,3
ERA5,PatchTST,0.8817 +/- 0.0827,0.6868 +/- 0.0702,0.8248 +/- 0.0842,0.6471 +/- 0.0648,3
ERA5,TCN,0.8784 +/- 0.0351,0.6856 +/- 0.0341,0.8338 +/- 0.0292,0.6501 +/- 0.0284,3
ERA5,Capacity-Matched Dense Diffusion-GRU,0.8641 +/- 0.0772,0.6758 +/- 0.0602,0.8330 +/- 0.0824,0.6503 +/- 0.0657,5
ERA5,Physics-Aligned MoE,0.8735 +/- 0.0536,0.6868 +/- 0.0472,0.8507 +/- 0.0363,0.6688 +/- 0.0321,5
ERA5,Unconstrained MoE,0.9294 +/- 0.0504,0.7349 +/- 0.0496,0.9224 +/- 0.0555,0.7285 +/- 0.0519,5
